"OG","Regression_Coefficient","P_value","Lambda","Bound_used","R_squared","R_squared_adj","n","Status","Contrast"
"OG0000001_00",0.085176027664086,0.000378945007462494,1e-05,"1e-05 to 1",0.122699231226152,0.117598645361187,174,"success","pgls5_castespolymorphic"
"OG0000010_01",-0.0841968689195694,0.00749179424044955,0.918300285117686,"1e-05 to 1",0.0820723879147363,0.0767355994723801,174,"success","pgls5_castespolymorphic"
"OG0000033_00",-0.0551444993980396,0.00541768856045666,1e-05,"1e-05 to 1",0.0740697332025149,0.0686864176978783,174,"success","pgls5_castespolymorphic"
"OG0000036_01",-0.0487352300967303,0.0465162184552237,0.871829740477211,"1e-05 to 1",0.0337273384774441,0.0281094741662665,174,"success","pgls5_castespolymorphic"
"OG0000056_00",-0.0541290137854044,0.0177361065647252,0.809142534658228,"1e-05 to 1",0.0403496023246879,0.0347702395475058,174,"success","pgls5_castespolymorphic"
"OG0000058_00",0.104581519085811,0.0123148152262293,1e-05,"1e-05 to 1",0.069093153882648,0.0636809047773146,174,"success","pgls5_castespolymorphic"
"OG0000096_00",0.0507153212790916,0.00893353154580501,0.725999989125329,"1e-05 to 1",0.0435567892105918,0.0379960728687929,174,"success","pgls5_castespolymorphic"
"OG0000107_00",0.061124768219249,0.0286799706040277,0.403211684572363,"1e-05 to 1",0.0330325931927941,0.0274106896648452,174,"success","pgls5_castespolymorphic"
"OG0000136_00",-0.0534068096749024,0.0240845315886564,0.429105202844104,"1e-05 to 1",0.0416870426894521,0.0361154557283442,174,"success","pgls5_castespolymorphic"
"OG0000198_00",-0.0485641447236206,0.0478534348014168,0.507300320850522,"1e-05 to 1",0.0314542862759795,0.0258232065450259,174,"success","pgls5_castespolymorphic"
"OG0000202_00",-0.0751449235545726,0.00200136441000209,1e-05,"1e-05 to 1",0.0584617313844495,0.0529876716831964,174,"success","pgls5_castespolymorphic"
"OG0000233_01",-0.0843812009921437,0.000144944529202995,0.814934262674535,"1e-05 to 1",0.0860196260068748,0.0807057866231938,174,"success","pgls5_castespolymorphic"
"OG0000241_00",-0.0504094633670039,0.0275665681586656,0.590154420715236,"1e-05 to 1",0.0346922078421903,0.0290799532366216,174,"success","pgls5_castespolymorphic"
"OG0000254_01",-0.0713769466513356,0.0113926064941097,0.850917563034243,"1e-05 to 1",0.0611331359758354,0.0556746076966251,174,"success","pgls5_castespolymorphic"
"OG0000262_00",-0.033147644181066,0.0421874001811133,0.598016161007469,"1e-05 to 1",0.0267033315773206,0.0210446300167237,174,"success","pgls5_castespolymorphic"
"OG0000290_00",-0.0538168462859342,0.00587082897677105,0.883772138753607,"1e-05 to 1",0.0560797298343251,0.0505918212868501,174,"success","pgls5_castespolymorphic"
"OG0000290_01",-0.0782554771596234,0.00386205544734031,0.751024066550283,"1e-05 to 1",0.0584894340688159,0.0530155354296812,174,"success","pgls5_castespolymorphic"
"OG0000293_01",-0.0610865085653665,0.0416106957631246,0.77181624502038,"1e-05 to 1",0.0412649571723314,0.0356909162256589,174,"success","pgls5_castespolymorphic"
"OG0000329_01",-0.0701641654643494,0.00688939001020605,0.81928778716932,"1e-05 to 1",0.0473565503720259,0.0418179256648865,174,"success","pgls5_castespolymorphic"
"OG0000387_00",0.0422419402423934,0.0387241148620996,0.881181788253176,"1e-05 to 1",0.0366295896496948,0.0310285988918442,174,"success","pgls5_castespolymorphic"
"OG0000397_00",-0.0417329503629874,0.0224668122013383,0.702238614864435,"1e-05 to 1",0.0349328223575983,0.0293219666736309,174,"success","pgls5_castespolymorphic"
"OG0000404_00",-0.108183927178826,0.00180240851595403,0.493223755496031,"1e-05 to 1",0.0960066136048267,0.0907508381025292,174,"success","pgls5_castespolymorphic"
"OG0000429_00",-0.0902418976504596,0.0198054577854214,1e-05,"1e-05 to 1",0.0420078995907236,0.0364381780767161,174,"success","pgls5_castespolymorphic"
"OG0000442_00",-0.0600399333741239,0.0201044241469877,0.714819368939604,"1e-05 to 1",0.0364511203310529,0.0308490919608846,174,"success","pgls5_castespolymorphic"
"OG0000483_00",-0.0507748635265824,0.00727344951114572,0.848099550150819,"1e-05 to 1",0.045557695165453,0.0400086119978103,174,"success","pgls5_castespolymorphic"
"OG0000504_00",0.051891285041594,0.007867027740454,0.737577432617337,"1e-05 to 1",0.0433182752084014,0.0377561721572874,174,"success","pgls5_castespolymorphic"
"OG0000519_00",0.0524373123018112,0.0481259475892699,0.758139167439509,"1e-05 to 1",0.0431697230120734,0.0376067562853994,174,"success","pgls5_castespolymorphic"
"OG0000532_00",-0.0725999325654049,0.00691106936530961,0.866285809743184,"1e-05 to 1",0.0452660965147924,0.0397153180061576,174,"success","pgls5_castespolymorphic"
"OG0000543_00",-0.067810309853225,0.00413982632593557,0.916810888912352,"1e-05 to 1",0.0518211958671009,0.046308528401212,174,"success","pgls5_castespolymorphic"
"OG0000555_00",-0.0462933297411817,0.0238279276530455,0.544769946886057,"1e-05 to 1",0.0313186898715983,0.0256868217894564,174,"success","pgls5_castespolymorphic"
"OG0000573_00",0.0592971165248905,0.00965448980680428,1e-05,"1e-05 to 1",0.0413749155200139,0.0358015138660605,174,"success","pgls5_castespolymorphic"
"OG0000577_00",-0.0590050732530953,0.0168034890723279,0.908247657503279,"1e-05 to 1",0.0354248284047018,0.0298168332210081,174,"success","pgls5_castespolymorphic"
"OG0000578_00",-0.0737629065278939,0.0239946593618583,1,"1e-05 to 1",0.0450606901217729,0.0395087173899228,174,"success","pgls5_castespolymorphic"
"OG0000596_00",-0.0452045496824843,0.0286505441977922,0.924182896861742,"1e-05 to 1",0.0307133985809593,0.0250780113634067,174,"success","pgls5_castespolymorphic"
"OG0000628_00",-0.0400982001241033,0.0395450583521941,0.987921393578557,"1e-05 to 1",0.0260548594372373,0.0203923876897794,174,"success","pgls5_castespolymorphic"
"OG0000629_00",-0.0489816613199605,0.0406432710302416,0.35999477976536,"1e-05 to 1",0.0291824304593225,0.0235381422643185,174,"success","pgls5_castespolymorphic"
"OG0000667_00",0.0567867619344804,0.0236669142255104,0.985423012420505,"1e-05 to 1",0.0501433992269239,0.044620977129406,174,"success","pgls5_castespolymorphic"
"OG0000672_00",-0.0593222324314357,0.0196804546719567,0.928591851667584,"1e-05 to 1",0.0374554337410419,0.031859244402327,174,"success","pgls5_castespolymorphic"
"OG0000684_00",-0.0512248356035499,0.0240649189498978,0.925725670808298,"1e-05 to 1",0.0328253810026748,0.0272022727526905,174,"success","pgls5_castespolymorphic"
"OG0000737_00",-0.0464700581552441,0.0410939270874255,0.928156233938847,"1e-05 to 1",0.0261416744302046,0.020479707421078,174,"success","pgls5_castespolymorphic"
"OG0000742_00",-0.0632230849475016,0.0163486606246035,0.89761380806565,"1e-05 to 1",0.0354981836256629,0.029890614925812,174,"success","pgls5_castespolymorphic"
"OG0000750_00",-0.043098613891445,0.0365733557403605,1e-05,"1e-05 to 1",0.0273653581473727,0.0217105055784621,174,"success","pgls5_castespolymorphic"
"OG0000764_00",-0.0624561938810344,0.0441471102059663,0.792372994231081,"1e-05 to 1",0.0344642825202141,0.0288507027674247,174,"success","pgls5_castespolymorphic"
"OG0000797_00",-0.056542143867594,0.0390426123591565,0.900808094315969,"1e-05 to 1",0.0266786841108794,0.0210198392510589,174,"success","pgls5_castespolymorphic"
"OG0000808_00",-0.0435424338679548,0.0408103688485872,0.69839043732735,"1e-05 to 1",0.0381711252156841,0.0325790968739149,174,"success","pgls5_castespolymorphic"
"OG0000851_00",-0.0505219946162137,0.0348622928734743,0.55932724433436,"1e-05 to 1",0.0275253812305861,0.0218714590284385,174,"success","pgls5_castespolymorphic"
"OG0000870_00",-0.0384389829056476,0.0320212540806186,1,"1e-05 to 1",0.0282372874073632,0.0225875041946154,174,"success","pgls5_castespolymorphic"
"OG0000875_00",-0.0603102008493656,0.00687899847903495,0.622282526239531,"1e-05 to 1",0.0524778595509975,0.0469690098972243,174,"success","pgls5_castespolymorphic"
"OG0000883_00",-0.0566538177096206,0.0387352749959842,0.900296407058096,"1e-05 to 1",0.0267616576969077,0.0211032952416573,174,"success","pgls5_castespolymorphic"
"OG0000906_00",0.0643352390620855,0.022294854833838,0.601477310329809,"1e-05 to 1",0.0328202800299834,0.0271971421231809,174,"success","pgls5_castespolymorphic"
"OG0000935_00",-0.0816197262611513,0.00694681333661418,1,"1e-05 to 1",0.0807839869789777,0.0754397078335066,174,"success","pgls5_castespolymorphic"
"OG0000945_00",-0.04023171807385,0.0316510806430546,0.96482324106168,"1e-05 to 1",0.0290721437029155,0.0234272143058394,174,"success","pgls5_castespolymorphic"
"OG0000975_00",-0.0796800658698369,0.0128347192592493,0.644326591943712,"1e-05 to 1",0.0723003903104249,0.0669067879285088,174,"success","pgls5_castespolymorphic"
"OG0000977_00",-0.0680141188881818,0.00871526359264729,0.970743193882828,"1e-05 to 1",0.0477891971997569,0.0422530878811508,174,"success","pgls5_castespolymorphic"
"OG0000984_00",-0.044807985150037,0.0433048317653746,1e-05,"1e-05 to 1",0.0254338368701185,0.0197677545263401,174,"success","pgls5_castespolymorphic"
"OG0001014_00",-0.0603824417406406,0.00307906390229618,0.938496026496653,"1e-05 to 1",0.0600294402327896,0.0545644951178639,174,"success","pgls5_castespolymorphic"
"OG0001028_00",-0.060838216367763,0.0177120991617399,0.538031991012266,"1e-05 to 1",0.0342261134067006,0.0286111489497628,174,"success","pgls5_castespolymorphic"
"OG0001037_00",-0.0654256678604723,0.00771460936029733,0.953831993803405,"0.001 to 1",0.0443441343892033,0.0387879956356521,174,"success","pgls5_castespolymorphic"
"OG0001085_00",-0.0488860162495646,0.0125700723453082,0.873991569837753,"1e-05 to 1",0.0387745176758953,0.033185997429825,174,"success","pgls5_castespolymorphic"
"OG0001093_00",0.0450884240530402,0.01940400856618,0.991814296558924,"1e-05 to 1",0.033680911145102,0.0280627769075735,174,"success","pgls5_castespolymorphic"
"OG0001110_00",-0.0487716768404112,0.00560692097637516,0.79038752792274,"1e-05 to 1",0.0475458527466741,0.0420083286347362,174,"success","pgls5_castespolymorphic"
"OG0001128_00",-0.0520905407854799,0.0321313946362811,0.94843448535908,"1e-05 to 1",0.0300470348843052,0.024407773459214,174,"success","pgls5_castespolymorphic"
"OG0001182_00",-0.0521609774429523,0.0360752961430519,0.860040298135129,"1e-05 to 1",0.0271694688056355,0.0215134773452031,174,"success","pgls5_castespolymorphic"
"OG0001204_00",-0.0353686850928575,0.0475530828325219,0.874090122393562,"1e-05 to 1",0.0240144891315397,0.0183401547660255,174,"success","pgls5_castespolymorphic"
"OG0001205_00",0.0388905639390418,0.0394157156196446,0.410342586638544,"1e-05 to 1",0.0259291872404661,0.0202659848407014,174,"success","pgls5_castespolymorphic"
"OG0001211_00",-0.0549752252100137,0.0472098668129601,0.7509163570126,"1e-05 to 1",0.0306495086552523,0.0250137499846432,174,"success","pgls5_castespolymorphic"
"OG0001235_00",-0.0456316958590523,0.0442411265848612,0.983581370491207,"1e-05 to 1",0.0250556145987068,0.0193873332882342,174,"success","pgls5_castespolymorphic"
"OG0001245_00",-0.047370784165605,0.00436359481564086,0.845980963094482,"1e-05 to 1",0.0496695470209453,0.0441443699687415,174,"success","pgls5_castespolymorphic"
"OG0001266_00",-0.0554858976376124,0.0345902100393065,0.680807534290557,"1e-05 to 1",0.030849041256777,0.0252144426594327,174,"success","pgls5_castespolymorphic"
"OG0001288_00",-0.0382220654019788,0.0262079270824631,0.852044389987622,"1e-05 to 1",0.0308917254600987,0.0252573750267271,174,"success","pgls5_castespolymorphic"
"OG0001296_00",0.0603058327092105,0.0264363119013336,0.729089760254203,"1e-05 to 1",0.0600934137795285,0.0546288406038281,174,"success","pgls5_castespolymorphic"
"OG0001297_00",-0.0475209447145922,0.0462055810200059,0.516171342721247,"1e-05 to 1",0.0244563445035711,0.0187845790646384,174,"success","pgls5_castespolymorphic"
"OG0001301_00",-0.0554509988723617,0.008530981508303,0.804266498852175,"1e-05 to 1",0.0421892392508437,0.0366205720371858,174,"success","pgls5_castespolymorphic"
"OG0001312_00",-0.0512044236445042,0.0221630743412997,0.940930116133061,"0.001 to 1",0.0322755989119642,0.0266492942544757,174,"success","pgls5_castespolymorphic"
"OG0001323_00",-0.0482316242732223,0.0487773415423094,0.723274671777008,"1e-05 to 1",0.0253043778939618,0.0196375428817174,174,"success","pgls5_castespolymorphic"
"OG0001324_00",-0.0646170182731932,0.0319755344470298,0.896120883249478,"1e-05 to 1",0.0313307915567705,0.0256989938332635,174,"success","pgls5_castespolymorphic"
"OG0001364_00",-0.0536898266118989,0.0480310270849895,0.682659841292816,"1e-05 to 1",0.0243599352546912,0.0186876092968695,174,"success","pgls5_castespolymorphic"
"OG0001400_00",-0.0413696123747721,0.0314701681829845,0.931831511912149,"0.001 to 1",0.0284175192408793,0.0227687838876286,174,"success","pgls5_castespolymorphic"
"OG0001418_00",-0.0468097735111819,0.0355107379604891,0.820604673756447,"1e-05 to 1",0.0320962939546015,0.0264689468264305,174,"success","pgls5_castespolymorphic"
"OG0001426_00",-0.0398256347232008,0.0341509132242908,0.903483975474974,"1e-05 to 1",0.0282642839592241,0.0226146577031731,174,"success","pgls5_castespolymorphic"
"OG0001434_00",-0.0642223605861239,0.00563109800249828,0.863722143852243,"1e-05 to 1",0.0469175237320699,0.0413763465444656,174,"success","pgls5_castespolymorphic"
"OG0001445_00",-0.0575641318313484,0.0363001690811129,0.659855210613862,"1e-05 to 1",0.0274442650867939,0.0217898712791591,174,"success","pgls5_castespolymorphic"
"OG0001510_00",-0.0563526981301074,0.0258277919901597,0.861392750638924,"1e-05 to 1",0.0388078337593825,0.0332195072114718,174,"success","pgls5_castespolymorphic"
"OG0001536_00",-0.0637912447977755,0.033903377308248,0.815188404466469,"1e-05 to 1",0.0279889452453183,0.0223377181827911,174,"success","pgls5_castespolymorphic"
"OG0001561_00",-0.0465484337145587,0.0409865798090088,0.813887198942703,"1e-05 to 1",0.026006144240177,0.0203433892648293,174,"success","pgls5_castespolymorphic"
"OG0001564_00",-0.048783556012869,0.0392502886501003,1e-05,"1e-05 to 1",0.0269607514230858,0.0213035464894989,174,"success","pgls5_castespolymorphic"
"OG0001584_00",-0.0864950169827318,0.00144750821441608,1,"1e-05 to 1",0.0711187185472587,0.0657182459806731,174,"success","pgls5_castespolymorphic"
"OG0001596_00",-0.0547215592734473,0.00836805933813745,0.920488850479682,"1e-05 to 1",0.0440046263682462,0.0384465137308524,174,"success","pgls5_castespolymorphic"
"OG0001609_00",-0.0441581296232506,0.0322339386320589,0.888532933264803,"1e-05 to 1",0.0290610156037124,0.0234160215083852,174,"success","pgls5_castespolymorphic"
"OG0001653_00",0.0606753748718788,0.00687119295515126,0.910792037718403,"1e-05 to 1",0.0447736678088224,0.0392200263425947,174,"success","pgls5_castespolymorphic"
"OG0001654_00",-0.0389076370345334,0.0495563605068388,0.863959954802717,"1e-05 to 1",0.0237408334780411,0.0180649080912856,174,"success","pgls5_castespolymorphic"
"OG0001693_00",-0.0564279806187489,0.0113448379304923,0.51937697988944,"1e-05 to 1",0.0486619994809709,0.0431309645942324,174,"success","pgls5_castespolymorphic"
"OG0001700_00",-0.0608024880301816,0.00941779159220735,0.892349170852081,"1e-05 to 1",0.0424287025450778,0.0368614275598749,174,"success","pgls5_castespolymorphic"
"OG0001771_00",-0.0591301935710356,0.00487274792842762,0.900684291488787,"0.001 to 1",0.0496933541440187,0.0441683155053211,174,"success","pgls5_castespolymorphic"
"OG0001772_00",-0.0567560175224788,0.0238639297489502,0.957543056277613,"1e-05 to 1",0.031496010138262,0.0258651729879031,174,"success","pgls5_castespolymorphic"
"OG0001780_00",-0.0572230069132682,0.0281290642922785,0.84525487230894,"1e-05 to 1",0.0354612351497966,0.0298534516332256,174,"success","pgls5_castespolymorphic"
"OG0001836_00",-0.0497215648698979,0.0468046121210404,0.906373305737674,"1e-05 to 1",0.0310019076032031,0.0253681977636868,174,"success","pgls5_castespolymorphic"
"OG0001840_00",-0.0498445228370198,0.0281383966683002,1,"1e-05 to 1",0.0295817174351788,0.0239397506760809,174,"success","pgls5_castespolymorphic"
"OG0001894_00",-0.0458644891311592,0.0394319022667293,0.726548600910018,"1e-05 to 1",0.0260843801853466,0.0204220800701451,174,"success","pgls5_castespolymorphic"
"OG0001896_00",-0.048471635093199,0.0317551716042925,0.969004159160438,"1e-05 to 1",0.0297873641020743,0.0241465929631328,174,"success","pgls5_castespolymorphic"
"OG0001927_00",0.0652970630931367,0.0156181118794236,0.812464566825844,"1e-05 to 1",0.0366611202112363,0.0310603127706039,174,"success","pgls5_castespolymorphic"
"OG0001932_00",-0.0459148676735025,0.0344935791540317,0.859665525188899,"1e-05 to 1",0.0279820819816607,0.0223308150164379,174,"success","pgls5_castespolymorphic"
"OG0001939_00",-0.0620618270982097,0.00349651729770706,0.847113251889237,"1e-05 to 1",0.101714208539837,0.0964916167290224,174,"success","pgls5_castespolymorphic"
"OG0001974_00",-0.0386110943645821,0.0370080530485466,0.86641065555906,"1e-05 to 1",0.0267387541534637,0.0210802585380769,174,"success","pgls5_castespolymorphic"
"OG0001995_00",0.0508693628918138,0.0234464322288568,0.89703075031055,"1e-05 to 1",0.0342148171933381,0.0285997870607413,174,"success","pgls5_castespolymorphic"
"OG0001998_00",-0.0449722855915158,0.0453317857807241,0.856052982431705,"1e-05 to 1",0.024958994140502,0.0192901510831793,174,"success","pgls5_castespolymorphic"
"OG0002031_00",-0.0529661289749041,0.0287215056514472,0.852041127152128,"1e-05 to 1",0.0293680298474187,0.0237248207186246,174,"success","pgls5_castespolymorphic"
"OG0002034_00",-0.071923939557115,0.00467716321355716,0.765440894697477,"1e-05 to 1",0.0498340910260156,0.0443098706250039,174,"success","pgls5_castespolymorphic"
"OG0002041_00",-0.0623754562688574,0.0199597566197682,0.813430637811253,"1e-05 to 1",0.034225865831249,0.0286108999349189,174,"success","pgls5_castespolymorphic"
"OG0002062_00",-0.0429024243442127,0.0358083896950272,0.795246301429015,"1e-05 to 1",0.0270792704955091,0.0214227546262969,174,"success","pgls5_castespolymorphic"
"OG0002075_00",-0.0512485974559339,0.0421601024773766,0.765450587835501,"1e-05 to 1",0.0255532190918727,0.0198878308307789,174,"success","pgls5_castespolymorphic"
"OG0002113_00",-0.0449424637135818,0.0258583260915339,0.972808209822153,"1e-05 to 1",0.0306514691052488,0.025015721832605,174,"success","pgls5_castespolymorphic"
"OG0002146_00",-0.062487699284065,0.00270837700039595,1e-05,"1e-05 to 1",0.054168248749905,0.0486692269403114,174,"success","pgls5_castespolymorphic"
"OG0002159_00",-0.0613940797395563,0.0111514314419332,0.850031074206586,"1e-05 to 1",0.03957748775898,0.0339936359436254,174,"success","pgls5_castespolymorphic"
"OG0002160_00",-0.053951433354896,0.0445414034535747,0.849017460458771,"1e-05 to 1",0.0289251078882773,0.0232793236318137,174,"success","pgls5_castespolymorphic"
"OG0002209_00",-0.0521002118521201,0.0262539542839044,0.780387761955885,"1e-05 to 1",0.0303048463123717,0.024667083790932,174,"success","pgls5_castespolymorphic"
"OG0002215_00",-0.0394281500530267,0.0224446846837485,0.903104715652724,"1e-05 to 1",0.0333775143027556,0.0277576161300971,174,"success","pgls5_castespolymorphic"
"OG0002233_00",-0.0468311926577838,0.0235236601645736,0.977336360008186,"1e-05 to 1",0.0314532718209488,0.0258221861920009,174,"success","pgls5_castespolymorphic"
"OG0002234_00",0.0630727555373093,0.00561225421007583,0.812222815166727,"1e-05 to 1",0.0588349943005459,0.0533631047325258,174,"success","pgls5_castespolymorphic"
"OG0002235_00",-0.0809441663839537,0.0142010683031222,0.900894071063646,"1e-05 to 1",0.0453697600289076,0.0398195842151222,174,"success","pgls5_castespolymorphic"
"OG0002250_00",0.0377007696104958,0.0418494070074913,0.923776566778498,"1e-05 to 1",0.0266180355106293,0.020958838042668,174,"success","pgls5_castespolymorphic"
"OG0002256_00",0.0405892649385554,0.0492623794483231,0.810205216189573,"1e-05 to 1",0.0253627933337455,0.0196962979461511,174,"success","pgls5_castespolymorphic"
"OG0002270_00",0.0492599983896585,0.0383931954012215,0.612922916416068,"1e-05 to 1",0.0265225943490579,0.0208628419906222,174,"success","pgls5_castespolymorphic"
"OG0002271_00",-0.0495892233350982,0.0213335158971915,0.79576072313982,"1e-05 to 1",0.0322803108306336,0.0266540335680211,174,"success","pgls5_castespolymorphic"
"OG0002321_00",-0.0476532169577823,0.0228826304817558,0.781635778643452,"1e-05 to 1",0.0317427516122062,0.0261133490053005,174,"success","pgls5_castespolymorphic"
"OG0002431_00",-0.0503067295049487,0.0310980400964573,0.817168626092784,"1e-05 to 1",0.0285410760952452,0.022893059095799,174,"success","pgls5_castespolymorphic"
"OG0002445_00",-0.055696463630528,0.0298715242228478,0.71820020810504,"1e-05 to 1",0.0293193906229317,0.0236758987079487,174,"success","pgls5_castespolymorphic"
"OG0002451_00",-0.0676388392351011,0.036138493218651,1,"1e-05 to 1",0.0285642907377842,0.0229164087071898,174,"success","pgls5_castespolymorphic"
"OG0002475_00",-0.0564187417416211,0.0361536180925484,0.889388261509147,"1e-05 to 1",0.0268152873967619,0.0211572367420918,174,"success","pgls5_castespolymorphic"
"OG0002477_00",-0.0456107887917611,0.0191610579989943,0.969235463073452,"0.001 to 1",0.0336072266340302,0.0279886639981815,174,"success","pgls5_castespolymorphic"
"OG0002497_00",-0.0381130253250593,0.0418624133797261,0.953915758847537,"1e-05 to 1",0.0256264850494691,0.019961522753245,174,"success","pgls5_castespolymorphic"
"OG0002546_00",-0.0588656660197455,0.00625072742983224,0.959432920847876,"1e-05 to 1",0.0481514215567584,0.0426174181937163,174,"success","pgls5_castespolymorphic"
"OG0002558_00",-0.0470631737682234,0.0228498242315374,0.982954983610598,"0.1 to 1",0.0342795225947945,0.0286648686563922,174,"success","pgls5_castespolymorphic"
"OG0002561_00",-0.0629479094299541,0.0366846620867434,0.921738992913502,"1e-05 to 1",0.0409087733275619,0.0353326615445826,174,"success","pgls5_castespolymorphic"
"OG0002610_00",-0.0499425099749262,0.0343816735617946,0.866626611605928,"1e-05 to 1",0.0274999596063021,0.0218458896040131,174,"success","pgls5_castespolymorphic"
"OG0002617_00",-0.0688274480979333,0.00591643389054819,0.923198622381636,"1e-05 to 1",0.0490892796446674,0.0435607289449271,174,"success","pgls5_castespolymorphic"
"OG0002657_00",0.0510442315257274,0.0125627714039873,0.743839266472141,"1e-05 to 1",0.0378387181914898,0.0322447572507426,174,"success","pgls5_castespolymorphic"
"OG0002667_00",-0.0695793777056401,0.00776565336799395,0.927869502216477,"1e-05 to 1",0.0429312148974426,0.0373668614956837,174,"success","pgls5_castespolymorphic"
"OG0002678_00",-0.0472178122015497,0.0415726971652566,0.93091299133386,"1e-05 to 1",0.0260203484042017,0.0203576760112028,174,"success","pgls5_castespolymorphic"
"OG0002691_00",0.0707796666742236,0.0139884037235669,0.533798016714711,"1e-05 to 1",0.0369302071100974,0.0313309641281794,174,"success","pgls5_castespolymorphic"
"OG0002692_00",-0.0471758035016229,0.0471820418447768,0.803861065366589,"1e-05 to 1",0.0242423802219055,0.018569370804591,174,"success","pgls5_castespolymorphic"
"OG0002695_00",-0.0750826719286898,0.00106483402451785,0.714990778144184,"1e-05 to 1",0.0657457522103076,0.0603140414673441,174,"success","pgls5_castespolymorphic"
"OG0002697_00",-0.0579562714014668,0.000904720666844216,0.959953003815916,"1e-05 to 1",0.0667160898515786,0.0612900206065297,174,"success","pgls5_castespolymorphic"
"OG0002719_00",-0.0457958246484885,0.0258273435715317,0.701817966327341,"1e-05 to 1",0.0304759628799002,0.0248391952222251,174,"success","pgls5_castespolymorphic"
"OG0002733_00",-0.0619230020715626,0.042809934855939,0.842419544160983,"1e-05 to 1",0.0253951378468937,0.0197288305087943,174,"success","pgls5_castespolymorphic"
"OG0002734_00",-0.0477567437544296,0.029233523606639,0.709621925968955,"1e-05 to 1",0.0291840482839672,0.0235397694949204,174,"success","pgls5_castespolymorphic"
"OG0002749_00",-0.0730120996361301,0.0175386227900813,0.814459959486671,"1e-05 to 1",0.0347521684229759,0.029140262425435,174,"success","pgls5_castespolymorphic"
"OG0002761_00",-0.072054278429593,0.0146792810899057,0.870812520010849,"1e-05 to 1",0.0366438539567361,0.0310429461309031,174,"success","pgls5_castespolymorphic"
"OG0002762_00",-0.0456521265278108,0.016214508925761,0.943240260310678,"1e-05 to 1",0.0351529012164248,0.0295433250607064,174,"success","pgls5_castespolymorphic"
"OG0002770_00",-0.0561824658638152,0.0275803252312119,0.851430134106053,"1e-05 to 1",0.0307335442125988,0.0250982741208117,174,"success","pgls5_castespolymorphic"
"OG0002774_00",0.0682394615009062,0.0174442357702198,0.71891700392468,"1e-05 to 1",0.0343858606235956,0.0287718249295468,174,"success","pgls5_castespolymorphic"
"OG0002798_00",-0.0407972674231487,0.0422183568514676,0.955958396856614,"1e-05 to 1",0.0255389447534787,0.0198734735020453,174,"success","pgls5_castespolymorphic"
"OG0002844_00",-0.045725659055697,0.0301460918682168,0.718715992781915,"1e-05 to 1",0.0290425362818442,0.0233974347485991,174,"success","pgls5_castespolymorphic"
"OG0002850_00",-0.0617337527034183,0.012788896843317,0.840286068626213,"1e-05 to 1",0.0376505499975444,0.0320554950556696,174,"success","pgls5_castespolymorphic"
"OG0002863_00",-0.0565691691230725,0.0179405036984264,0.732537929035201,"1e-05 to 1",0.0343005547287585,0.0286860230702047,174,"success","pgls5_castespolymorphic"
"OG0002903_00",0.0494882832533069,0.0274301395090286,0.902697999414096,"1e-05 to 1",0.0328733437975243,0.0272505144009982,174,"success","pgls5_castespolymorphic"
"OG0002911_00",-0.0516856915846332,0.0300590765290933,0.764288619600716,"1e-05 to 1",0.0288942894530287,0.023248326019616,174,"success","pgls5_castespolymorphic"
"OG0002917_00",-0.0627426682098672,0.00764598024034635,0.419917312294501,"1e-05 to 1",0.0464736521449947,0.0409298943086284,174,"success","pgls5_castespolymorphic"
"OG0002943_00",-0.0464685354396391,0.0320083201921189,0.933577783643075,"1e-05 to 1",0.0346199819847998,0.0290073074614557,174,"success","pgls5_castespolymorphic"
"OG0002949_00",-0.0429019567426848,0.0470910825747608,0.82807435212091,"1e-05 to 1",0.0245644637783243,0.0188933269398261,174,"success","pgls5_castespolymorphic"
"OG0002955_00",-0.0558950020430896,0.00760741166943557,0.784552450273746,"1e-05 to 1",0.0447769330273096,0.0392233105449102,174,"success","pgls5_castespolymorphic"
"OG0002982_00",-0.0519755104305278,0.0186784719130753,0.85010248303323,"1e-05 to 1",0.0338758085703691,0.0282588074574061,174,"success","pgls5_castespolymorphic"
"OG0003000_00",-0.0309086529306386,0.0439747645174817,0.976519585427912,"1e-05 to 1",0.0251179294325019,0.0194500104175747,174,"success","pgls5_castespolymorphic"
"OG0003007_00",-0.0567592792944847,0.0291824676472767,0.838795478060208,"1e-05 to 1",0.0307103631157993,0.0250749582501935,174,"success","pgls5_castespolymorphic"
"OG0003030_00",-0.0565628704568983,0.0357504693033892,0.960714690161314,"1e-05 to 1",0.0356365582081274,0.0300297940116631,174,"success","pgls5_castespolymorphic"
"OG0003031_00",-0.0368733727399145,0.0316000391138134,0.946609779505371,"1e-05 to 1",0.0285500830795348,0.0229021184462762,174,"success","pgls5_castespolymorphic"
"OG0003037_00",-0.0519079956055012,0.0355212460106611,0.841444925253298,"1e-05 to 1",0.0271625275119271,0.021506495695136,174,"success","pgls5_castespolymorphic"
"OG0003047_00",-0.0288321877821049,0.0325042544745113,1,"1e-05 to 1",0.0279105097167211,0.0222588266336787,174,"success","pgls5_castespolymorphic"
"OG0003050_00",-0.0329268932194878,0.0420685460559502,0.709071265411947,"1e-05 to 1",0.0263923492653189,0.0207318396680243,174,"success","pgls5_castespolymorphic"
"OG0003089_00",-0.0408857927631896,0.0388838545956709,0.885268204126534,"1e-05 to 1",0.0265551328213554,0.0208955696400841,174,"success","pgls5_castespolymorphic"
"OG0003119_00",-0.0665796323938104,0.0176864304740443,0.374148489447232,"1e-05 to 1",0.0346631322487011,0.0290507085989843,174,"success","pgls5_castespolymorphic"
"OG0003122_00",0.0630131155435904,0.0135103650774255,0.582177296156076,"1e-05 to 1",0.0377602870309977,0.0321658700951315,174,"success","pgls5_castespolymorphic"
"OG0003137_00",0.053454711996672,0.0311530855590409,1e-05,"1e-05 to 1",0.0283486240966811,0.0226994881902665,174,"success","pgls5_castespolymorphic"
"OG0003190_00",-0.0615850104626678,0.0302427322997001,0.88432715917947,"1e-05 to 1",0.0288309448513496,0.0231846131353691,174,"success","pgls5_castespolymorphic"
"OG0003229_00",-0.0583678121751655,0.0445690212444307,1,"1e-05 to 1",0.0246739513221373,0.0190034510391264,174,"success","pgls5_castespolymorphic"
"OG0003231_00",-0.0523526743562419,0.0151499166851958,0.956920036426537,"1e-05 to 1",0.0358664772133482,0.0302610497552863,174,"success","pgls5_castespolymorphic"
"OG0003236_00",-0.0380616420375769,0.0442759746984995,1e-05,"1e-05 to 1",0.0252035072584274,0.0195360857889996,174,"success","pgls5_castespolymorphic"
"OG0003247_00",0.0528774139176291,0.0326309368416466,0.443332840848476,"1e-05 to 1",0.0282148885739972,0.0225649751354738,174,"success","pgls5_castespolymorphic"
"OG0003274_00",0.082747403342506,0.0141813481146933,0.730721378860221,"1e-05 to 1",0.0365615631530369,0.0309601768922988,174,"success","pgls5_castespolymorphic"
"OG0003283_00",-0.0548469012094372,0.00214567535769983,0.967143182633218,"1e-05 to 1",0.0566617844406023,0.051177259931536,174,"success","pgls5_castespolymorphic"
"OG0003286_00",-0.0603609931110983,0.00335977384761899,0.983931916857739,"1e-05 to 1",0.0524956748930438,0.0469869288168405,174,"success","pgls5_castespolymorphic"
"OG0003287_00",-0.0481384006506376,0.0488331264939283,0.918142749580324,"1e-05 to 1",0.0238909004527173,0.0182158475483727,174,"success","pgls5_castespolymorphic"
"OG0003288_00",0.0601901787844403,0.02847013020209,0.795421126863625,"1e-05 to 1",0.0292798855750842,0.0236361639795905,174,"success","pgls5_castespolymorphic"
"OG0003296_00",-0.0511164243933017,0.0321687681651235,0.490740898116511,"1e-05 to 1",0.0280175105988132,0.0223664496139226,174,"success","pgls5_castespolymorphic"
"OG0003301_00",-0.0752941575851233,0.0396114637355196,0.855057419933544,"1e-05 to 1",0.0292778453258164,0.0236341118684082,174,"success","pgls5_castespolymorphic"
"OG0003314_00",-0.0496847160143421,0.0139370047575644,0.949629991792606,"1e-05 to 1",0.0367445562291191,0.0311442338816139,174,"success","pgls5_castespolymorphic"
"OG0003345_00",-0.0541159459619828,0.00972206579992196,0.906665120535406,"1e-05 to 1",0.0415563932908311,0.0359840467401963,174,"success","pgls5_castespolymorphic"
"OG0003361_00",0.04384179442604,0.0334226382704306,0.761746093691237,"1e-05 to 1",0.0279648139123472,0.0223134465513725,174,"success","pgls5_castespolymorphic"
"OG0003377_00",-0.0407839903518377,0.0285886777497377,0.862271785890806,"1e-05 to 1",0.0309353073483618,0.0253012102980615,174,"success","pgls5_castespolymorphic"
"OG0003393_00",0.0393728285122309,0.046758498454879,0.937569137835636,"1e-05 to 1",0.0251071555823617,0.0194391739287707,174,"success","pgls5_castespolymorphic"
"OG0003418_00",-0.0756192479951786,0.0206282209812509,0.693488650537859,"1e-05 to 1",0.0379460294790616,0.0323526924411492,174,"success","pgls5_castespolymorphic"
"OG0003424_00",-0.0507135534732954,0.00460972541404847,0.785301632359676,"1e-05 to 1",0.049076934010877,0.043548311534196,174,"success","pgls5_castespolymorphic"
"OG0003480_00",0.0511695345277719,0.00682033111126157,0.63656069094318,"1e-05 to 1",0.0487351215683085,0.0432045118099846,174,"success","pgls5_castespolymorphic"
"OG0003500_00",0.0306570493525121,0.0277911291856467,0.819071706387067,"1e-05 to 1",0.0327234271646101,0.0270997261597533,174,"success","pgls5_castespolymorphic"
"OG0003511_00",-0.056726792903023,0.0107657988342114,0.834878631674442,"1e-05 to 1",0.0394691557909606,0.0338846741385825,174,"success","pgls5_castespolymorphic"
"OG0003528_00",-0.0357381225980232,0.0494963769448611,0.891091369385013,"1e-05 to 1",0.0237531923606601,0.0180773388278731,174,"success","pgls5_castespolymorphic"
"OG0003550_00",-0.0489477233767317,0.038040247440545,0.873959728131915,"1e-05 to 1",0.0264548080553861,0.0207946615905918,174,"success","pgls5_castespolymorphic"
"OG0003599_00",-0.0457725206365742,0.0155325322512621,0.964709153066938,"1e-05 to 1",0.0356042944973724,0.0299973427211945,174,"success","pgls5_castespolymorphic"
"OG0003601_00",-0.0500853804652483,0.0479936985115477,0.812429183368619,"1e-05 to 1",0.0240680177466859,0.0183939945940502,174,"success","pgls5_castespolymorphic"
"OG0003609_00",-0.0559217789562721,0.0151706450138551,0.948039048343939,"1e-05 to 1",0.0362933868386177,0.0306904414132607,174,"success","pgls5_castespolymorphic"
"OG0003618_00",-0.0488202895018763,0.0285257524481279,0.993768400606039,"1e-05 to 1",0.0328688186054876,0.0272459628997056,174,"success","pgls5_castespolymorphic"
"OG0003649_00",-0.0586246689009776,0.0166786964218937,0.977632295603688,"1e-05 to 1",0.0350699180546065,0.029459859438645,174,"success","pgls5_castespolymorphic"
"OG0003655_00",-0.0546423658184574,0.0265476718387372,1e-05,"1e-05 to 1",0.0439357665755428,0.038377253590517,174,"success","pgls5_castespolymorphic"
"OG0003674_00",0.0695215139065,0.0279154698164716,0.70993417610691,"1e-05 to 1",0.0296646194188056,0.0240231346479848,174,"success","pgls5_castespolymorphic"
"OG0003703_00",-0.0681012077732903,0.00447372810722113,0.879397956333471,"1e-05 to 1",0.0494003223570533,0.0438735800451757,174,"success","pgls5_castespolymorphic"
"OG0003706_00",-0.0586489055834325,0.0356505459000551,0.581109195591096,"1e-05 to 1",0.027292667460574,0.0216373922713914,174,"success","pgls5_castespolymorphic"
"OG0003714_00",-0.0798226410721685,0.00253059428119617,0.909618420411405,"1e-05 to 1",0.0559043612256538,0.0504154330932447,174,"success","pgls5_castespolymorphic"
"OG0003727_00",-0.0398665320894973,0.0296129651517212,0.954258608170026,"1e-05 to 1",0.0292292731206482,0.0235852572666985,174,"success","pgls5_castespolymorphic"
"OG0003759_00",-0.0686408131661116,0.0341446742843963,0.735494939456911,"1e-05 to 1",0.027914585798087,0.0222629264131921,174,"success","pgls5_castespolymorphic"
"OG0003798_00",0.0507529945603841,0.0197644153524574,0.887478716691295,"0.001 to 1",0.0330783753247716,0.0274567379720086,174,"success","pgls5_castespolymorphic"
"OG0003816_00",-0.0622662779609336,0.0339615306064784,1,"1e-05 to 1",0.02745860253454,0.0218042920841595,174,"success","pgls5_castespolymorphic"
"OG0003855_00",-0.0542883732454329,0.0144167543685505,0.93013686922426,"1e-05 to 1",0.0366107844741904,0.031009684383924,174,"success","pgls5_castespolymorphic"
"OG0003858_00",0.0366017945556048,0.0474785768393655,0.778289415652109,"1e-05 to 1",0.0246331269516826,0.0189623893176808,174,"success","pgls5_castespolymorphic"
"OG0003883_00",0.052981308399561,0.0122100898335928,0.923192958993512,"1e-05 to 1",0.0383721849410308,0.0327813255511531,174,"success","pgls5_castespolymorphic"
"OG0003886_00",-0.0620615905966706,0.0372759783337862,0.6916494794925,"1e-05 to 1",0.0266642687762728,0.0210053401063673,174,"success","pgls5_castespolymorphic"
"OG0003908_00",-0.0576136582935332,0.0052548844955882,0.566692344783839,"1e-05 to 1",0.0491671052782467,0.0436390070531202,174,"success","pgls5_castespolymorphic"
"OG0003939_00",-0.0675967917513704,0.00839583883361517,0.272106801375242,"1e-05 to 1",0.0428825188006359,0.0373178822820349,174,"success","pgls5_castespolymorphic"
"OG0003946_00",-0.0545658799195285,0.0424235590536854,0.760679893360925,"1e-05 to 1",0.0261358284797963,0.0204738274825856,174,"success","pgls5_castespolymorphic"
"OG0003990_00",-0.0648648403512957,0.00169070154233841,0.877883576470827,"1e-05 to 1",0.0595727223561083,0.0541051219046903,174,"success","pgls5_castespolymorphic"
"OG0004000_00",-0.0493732379627967,0.0226256384252663,0.959519542896227,"1e-05 to 1",0.0316670284874559,0.0260371856298248,174,"success","pgls5_castespolymorphic"
"OG0004011_00",-0.0532649434137569,0.002778626371571,0.986890289524227,"1e-05 to 1",0.0542207152103706,0.0487219984383379,174,"success","pgls5_castespolymorphic"
"OG0004025_00",-0.0697714934263163,0.013085146630786,0.891502068050435,"1e-05 to 1",0.0378691542561491,0.0322753702692663,174,"success","pgls5_castespolymorphic"
"OG0004053_00",-0.05833634088737,0.0191547683917888,1e-05,"1e-05 to 1",0.0340274818818789,0.0284113625904945,174,"success","pgls5_castespolymorphic"
"OG0004060_00",0.0410654818442713,0.043967922556079,0.906270535480541,"1e-05 to 1",0.0249650009277766,0.0192961927936358,174,"success","pgls5_castespolymorphic"
"OG0004068_00",0.0733506405565394,0.0161731535936627,0.626164825661493,"1e-05 to 1",0.0362830003254145,0.0306799945133529,174,"success","pgls5_castespolymorphic"
"OG0004134_00",-0.0380112362933796,0.0364776613705515,0.971174291449548,"1e-05 to 1",0.0272224809311222,0.0215667976807218,174,"success","pgls5_castespolymorphic"
"OG0004187_00",0.0459869923644386,0.0391359748021793,1,"1e-05 to 1",0.0261620010793826,0.0205001522484488,174,"success","pgls5_castespolymorphic"
"OG0004193_00",-0.0649233421006686,0.000123717970355042,0.992352045336671,"1e-05 to 1",0.0969431447507078,0.0916928141969329,174,"success","pgls5_castespolymorphic"
"OG0004210_00",-0.0742305128476438,0.0122726233777217,0.944449372716845,"1e-05 to 1",0.0387919407626331,0.0332035218135786,174,"success","pgls5_castespolymorphic"
"OG0004215_00",0.030341684658506,0.039770601267372,0.834273657333045,"1e-05 to 1",0.0258374131432219,0.0201736771731242,174,"success","pgls5_castespolymorphic"
"OG0004217_00",-0.0752678138907915,0.00227391180555792,0.996703204808662,"1e-05 to 1",0.0563792247118891,0.0508930574137024,174,"success","pgls5_castespolymorphic"
"OG0004219_00",-0.0813002050923773,0.00631455815295068,0.803586335500959,"1e-05 to 1",0.045405084322447,0.0398551138824611,174,"success","pgls5_castespolymorphic"
"OG0004233_00",-0.0372856680228736,0.0037157848202769,0.975225817249277,"1e-05 to 1",0.0510944168621157,0.0455775239368955,174,"success","pgls5_castespolymorphic"
"OG0004237_00",-0.0732099854054495,0.000368008974300116,0.576781993471735,"1e-05 to 1",0.0778720972552923,0.0725108885184045,174,"success","pgls5_castespolymorphic"
"OG0004244_00",0.0368166093396872,0.0462032544825353,0.702028018461796,"1e-05 to 1",0.0247616043239305,0.0190916136513952,174,"success","pgls5_castespolymorphic"
"OG0004252_00",-0.0591188638303515,0.0082795157858162,0.88118660523348,"1e-05 to 1",0.0427693002338039,0.0372040054677214,174,"success","pgls5_castespolymorphic"
"OG0004258_00",-0.043595090537337,0.0238230604435534,0.941035860717334,"1e-05 to 1",0.0315140654008457,0.0258833332229436,174,"success","pgls5_castespolymorphic"
"OG0004265_00",-0.052988757409566,0.0279970430184071,0.319405225838826,"1e-05 to 1",0.0326388069541246,0.0270146139712997,174,"success","pgls5_castespolymorphic"
"OG0004268_00",-0.0561385388848491,0.0354124674114802,0.608701253865234,"1e-05 to 1",0.0273623886144182,0.021707518780781,174,"success","pgls5_castespolymorphic"
"OG0004271_00",-0.0588895914011994,0.0356993191203054,0.889168790746787,"1e-05 to 1",0.0271108136825348,0.0214544812039449,174,"success","pgls5_castespolymorphic"
"OG0004283_00",-0.0499669247734529,0.0118485979574565,0.821935763269144,"1e-05 to 1",0.0386913492613786,0.0331023454780144,174,"success","pgls5_castespolymorphic"
"OG0004287_00",-0.0382347218495015,0.0449607589338972,0.931365597428193,"1e-05 to 1",0.0248891935700995,0.0192199446955071,174,"success","pgls5_castespolymorphic"
"OG0004321_00",-0.0405672532709722,0.0416039870651461,0.918771473490631,"0.001 to 1",0.0256905286182585,0.0200259386683647,174,"success","pgls5_castespolymorphic"
"OG0004329_00",-0.0492278709046567,0.0141528238154116,0.821108631199851,"1e-05 to 1",0.0379671349046689,0.0323739205727193,174,"success","pgls5_castespolymorphic"
"OG0004335_00",-0.0438617179355022,0.0261151011798142,0.907977620334538,"1e-05 to 1",0.0307373613660027,0.0251021134669679,174,"success","pgls5_castespolymorphic"
"OG0004363_00",-0.063652285690252,0.011990604171694,0.877735088787686,"1e-05 to 1",0.0392847319796486,0.0336991780958094,174,"success","pgls5_castespolymorphic"
"OG0004375_00",0.0430334751486312,0.0331819294252567,0.964729534032338,"0.001 to 1",0.0276978087057004,0.022044888988873,174,"success","pgls5_castespolymorphic"
"OG0004381_00",-0.0407934956575855,0.0391573405429244,0.900725711126271,"1e-05 to 1",0.0263181854365896,0.0206572446542442,174,"success","pgls5_castespolymorphic"
"OG0004420_00",-0.0691472079820279,0.0199507539885078,0.788128834990232,"1e-05 to 1",0.0333868241776043,0.0277669801321253,174,"success","pgls5_castespolymorphic"
"OG0004507_00",-0.0549894035665124,0.0317627497824753,0.820258651517658,"1e-05 to 1",0.0281485596972645,0.022498260625737,174,"success","pgls5_castespolymorphic"
"OG0004561_00",-0.0567896129891631,0.0490076692683878,0.95007939361549,"1e-05 to 1",0.0240022172449664,0.0183278115312744,174,"success","pgls5_castespolymorphic"
"OG0004574_00",-0.0523273318013319,0.00703712076473106,0.601248594574151,"1e-05 to 1",0.0493558408555999,0.0438288399303417,174,"success","pgls5_castespolymorphic"
"OG0004578_00",0.0581533757286445,0.00960824272893435,0.900444598080951,"1e-05 to 1",0.0520313690924453,0.046519923563913,174,"success","pgls5_castespolymorphic"
"OG0004620_00",0.0406525608096917,0.049185165493189,0.914405475911339,"1e-05 to 1",0.0242656749179014,0.0185928009348659,174,"success","pgls5_castespolymorphic"
"OG0004634_00",-0.0428356672711635,0.0107123803768365,0.879853607597118,"1e-05 to 1",0.0402545217353163,0.03467460616401,174,"success","pgls5_castespolymorphic"
"OG0004646_00",-0.037751617060833,0.0208754073435278,0.604391632392687,"1e-05 to 1",0.0329077468050421,0.0272851174260016,174,"success","pgls5_castespolymorphic"
"OG0004662_00",-0.0725254287046578,0.000984564322619619,0.570906929316247,"1e-05 to 1",0.0670168601112689,0.0615925395305205,174,"success","pgls5_castespolymorphic"
"OG0004674_00",0.0373703088494248,0.0425586230022394,0.817766119140006,"1e-05 to 1",0.0252993979849836,0.01963253401978,174,"success","pgls5_castespolymorphic"
"OG0004700_00",-0.0456539722181984,0.0400862485268738,0.874185774327237,"1e-05 to 1",0.0257564981521331,0.0200922917460409,174,"success","pgls5_castespolymorphic"
"OG0004711_00",-0.0607620770483338,0.00130814054129202,1e-05,"1e-05 to 1",0.0623384688893102,0.0568869483595968,174,"success","pgls5_castespolymorphic"
"OG0004724_00",-0.0606482998082817,0.0368647798326587,1e-05,"1e-05 to 1",0.0269444208685073,0.0212871209898358,174,"success","pgls5_castespolymorphic"
"OG0004725_00",0.0622667801092195,0.0103673601838126,0.756167104490345,"1e-05 to 1",0.040607108123767,0.0350292424733238,174,"success","pgls5_castespolymorphic"
"OG0004759_00",0.0593426212567376,0.0269067685788267,0.854946980420172,"1e-05 to 1",0.0306119434204034,0.0249759663472662,174,"success","pgls5_castespolymorphic"
"OG0004776_00",-0.0459673969478268,0.0334614483976639,0.874298170660703,"1e-05 to 1",0.0276113814265313,0.0219579592255227,174,"success","pgls5_castespolymorphic"
"OG0004787_00",-0.0559503974209369,0.0243019006808529,0.693655050708799,"1e-05 to 1",0.0311125196561633,0.0254794529099782,174,"success","pgls5_castespolymorphic"
"OG0004794_00",-0.05706778569343,0.00827337350077029,0.854588756999908,"1e-05 to 1",0.043308520749188,0.0377463609861018,174,"success","pgls5_castespolymorphic"
"OG0004795_00",-0.0548192353191732,0.0276678948133686,0.939186862620154,"1e-05 to 1",0.0301272560106621,0.0244884609874683,174,"success","pgls5_castespolymorphic"
"OG0004798_00",-0.0573373574680234,0.0323556139800982,0.74276150005798,"1e-05 to 1",0.0284793252323193,0.0228309492162281,174,"success","pgls5_castespolymorphic"
"OG0004844_00",0.0352353954607748,0.0343407182834543,0.807067270835279,"1e-05 to 1",0.0275123011536756,0.0218583029045689,174,"success","pgls5_castespolymorphic"
"OG0004848_00",-0.0464091491694482,0.026946342793859,0.916762744772673,"1e-05 to 1",0.0300331207803899,0.0243937784593456,174,"success","pgls5_castespolymorphic"
"OG0004850_00",0.0827131326452683,0.0174367850016284,0.852189942887595,"1e-05 to 1",0.0346008536275094,0.0289880678927856,174,"success","pgls5_castespolymorphic"
"OG0004879_00",-0.0553205441831493,0.0227171930188326,0.791432328829675,"1e-05 to 1",0.0318188118038485,0.0261898514073593,174,"success","pgls5_castespolymorphic"
"OG0004933_00",0.0556342489015291,0.0292438388885365,0.862997827740227,"1e-05 to 1",0.029360608107962,0.0237173558295199,174,"success","pgls5_castespolymorphic"
"OG0004935_00",-0.0414451283824261,0.0350856243470918,0.934377567245552,"1e-05 to 1",0.0278026824666467,0.0221503724809875,174,"success","pgls5_castespolymorphic"
"OG0004943_00",-0.105838363345511,0.0020477473253484,0.784154010762148,"1e-05 to 1",0.0571621562963863,0.0516805409260165,174,"success","pgls5_castespolymorphic"
"OG0004963_00",-0.0532520947176854,0.0203913925536394,0.794414970270766,"1e-05 to 1",0.0327519622835505,0.0271284271805479,174,"success","pgls5_castespolymorphic"
"OG0004979_00",-0.0518058041546072,0.00957463887385224,0.893792944801148,"1e-05 to 1",0.0419830755949603,0.0364132097553962,174,"success","pgls5_castespolymorphic"
"OG0004987_00",-0.0477635041215836,0.0332011881347634,0.902891253399664,"1e-05 to 1",0.0283850210545027,0.022736096758308,174,"success","pgls5_castespolymorphic"
"OG0005012_00",-0.0607859578309778,0.00281433645819518,0.94600416760196,"1e-05 to 1",0.0547466475420963,0.0492509885161784,174,"success","pgls5_castespolymorphic"
"OG0005054_00",-0.060672161193988,0.0246656141304125,0.852913349524694,"1e-05 to 1",0.0309570911291981,0.0253231207287864,174,"success","pgls5_castespolymorphic"
"OG0005071_00",-0.0494971776185721,0.025017670515374,0.933249403814445,"1e-05 to 1",0.0306210591074372,0.0249851350324803,174,"success","pgls5_castespolymorphic"
"OG0005083_00",-0.0384286014930455,0.0233239617845378,0.95677954815131,"1e-05 to 1",0.0319341555126078,0.0263058657190764,174,"success","pgls5_castespolymorphic"
"OG0005086_00",-0.0482026878659064,0.0256385600258775,0.768328651868437,"1e-05 to 1",0.0307411876350371,0.0251059619817524,174,"success","pgls5_castespolymorphic"
"OG0005098_00",-0.0705408402392299,0.00690351348064455,0.918787778733867,"1e-05 to 1",0.0447231700711723,0.0391692350134466,174,"success","pgls5_castespolymorphic"
"OG0005128_00",-0.0569466355576505,0.0198447398528949,0.925595524478143,"1e-05 to 1",0.0330359700874539,0.0274140861926134,174,"success","pgls5_castespolymorphic"
"OG0005149_00",-0.0676226043521076,0.019571748928592,0.937084096287505,"1e-05 to 1",0.0331808115126873,0.0275597697191564,174,"success","pgls5_castespolymorphic"
"OG0005164_00",0.0645998341652669,0.0191907464738108,0.7795304432561,"1e-05 to 1",0.0337979262228561,0.0281804723055471,174,"success","pgls5_castespolymorphic"
"OG0005184_00",-0.0497561359772648,0.0305868187766505,0.873071742264814,"1e-05 to 1",0.0292521562858944,0.0236082734736031,174,"success","pgls5_castespolymorphic"
"OG0005194_00",-0.0402535436690738,0.0378185782647324,0.809830830769902,"1e-05 to 1",0.0265151075438176,0.0208553116574445,174,"success","pgls5_castespolymorphic"
"OG0005204_00",0.0388299375688722,0.0354418056185133,0.683594350277613,"1e-05 to 1",0.0271856842872098,0.0215297871028332,174,"success","pgls5_castespolymorphic"
"OG0005215_00",-0.0558216748072445,0.0185217315356128,0.997484219942613,"1e-05 to 1",0.0346001741434331,0.0289873844582206,174,"success","pgls5_castespolymorphic"
"OG0005216_00",0.0525938963044064,0.0455325787362217,0.839719526745882,"1e-05 to 1",0.0249131652802847,0.0192440557761003,174,"success","pgls5_castespolymorphic"
"OG0005280_00",-0.0568462094061268,0.0242268152280318,0.69818413124981,"1e-05 to 1",0.0319280748394329,0.0262997496931505,174,"success","pgls5_castespolymorphic"
"OG0005289_00",-0.0450260720202321,0.0428555908465693,0.839368498000868,"1e-05 to 1",0.0250737525948264,0.0194055767378195,174,"success","pgls5_castespolymorphic"
"OG0005297_00",-0.0700826324669291,0.00621178586589188,0.724642490657042,"1e-05 to 1",0.0455807762915687,0.0400318273165198,174,"success","pgls5_castespolymorphic"
"OG0005298_00",-0.0529834901123137,0.0361737151043948,0.870677050514316,"1e-05 to 1",0.0271411368396543,0.0214849806584895,174,"success","pgls5_castespolymorphic"
"OG0005319_00",0.0450983286952235,0.0207693018413266,0.555164662596393,"1e-05 to 1",0.032961606459632,0.0273392902181182,174,"success","pgls5_castespolymorphic"
"OG0005320_00",0.0442613679557201,0.039820976258675,0.926732573134058,"1e-05 to 1",0.0258244550571807,0.0201606437493737,174,"success","pgls5_castespolymorphic"
"OG0005336_00",-0.0733056846543663,0.0104585779233612,0.396800138077084,"1e-05 to 1",0.0400181689472812,0.0344368792318585,174,"success","pgls5_castespolymorphic"
"OG0005392_00",-0.045365456283175,0.0443552213491727,0.919227625758574,"1e-05 to 1",0.0248750570888489,0.0192057260254118,174,"success","pgls5_castespolymorphic"
"OG0005410_00",-0.0468391479806682,0.0231711140848025,0.967112998412122,"1e-05 to 1",0.0316114602284095,0.0259812942995048,174,"success","pgls5_castespolymorphic"
"OG0005435_00",-0.0478206786355165,0.0267156343254378,0.978214312179529,"1e-05 to 1",0.0304970895427122,0.0248604447144721,174,"success","pgls5_castespolymorphic"
"OG0005444_00",-0.0457055134474945,0.000484903778063206,0.965854550017536,"1e-05 to 1",0.0726013896350919,0.0672095372492493,174,"success","pgls5_castespolymorphic"
"OG0005449_00",-0.0645821219326387,0.0152533332580489,0.7894762136723,"1e-05 to 1",0.0362355478730913,0.0306322661746791,174,"success","pgls5_castespolymorphic"
"OG0005472_00",0.0612222546591861,0.00392124429705887,0.801925411298194,"1e-05 to 1",0.0514530053572268,0.0459381972488386,174,"success","pgls5_castespolymorphic"
"OG0005506_00",0.0406377447693837,0.0125741061508919,0.72323686409907,"1e-05 to 1",0.0382943379376538,0.0327030259489192,174,"success","pgls5_castespolymorphic"
"OG0005545_00",0.0478886655134127,0.00416595391428487,1,"1e-05 to 1",0.0527483548821932,0.0472410778756943,174,"success","pgls5_castespolymorphic"
"OG0005562_00",-0.0399668460116889,0.0391259811362032,0.641608767463581,"1e-05 to 1",0.0263264923043395,0.0206655998177369,174,"success","pgls5_castespolymorphic"
"OG0005578_00",0.058687529852881,0.00563469756899293,0.499826321360837,"1e-05 to 1",0.0477880142767223,0.0422518980806568,174,"success","pgls5_castespolymorphic"
"OG0005581_00",-0.0456769711606479,0.0375132857671812,0.553456191773663,"1e-05 to 1",0.0274421597607772,0.0217877537128748,174,"success","pgls5_castespolymorphic"
"OG0005611_00",-0.0503547858850361,0.0293895695849378,0.804853361754523,"1e-05 to 1",0.0294907077617692,0.0238482118766632,174,"success","pgls5_castespolymorphic"
"OG0005664_00",-0.0559387733226297,0.0134682455282231,0.858286544853506,"1e-05 to 1",0.0375613481247727,0.0319657745673585,174,"success","pgls5_castespolymorphic"
"OG0005679_00",-0.0495954128935431,0.0179605058361945,0.889612389727875,"1e-05 to 1",0.0345000279407896,0.0288866560102127,174,"success","pgls5_castespolymorphic"
"OG0005680_00",-0.0482600659470403,0.0137436725046887,0.931508413950886,"1e-05 to 1",0.0373455068596684,0.0317486784111779,174,"success","pgls5_castespolymorphic"
"OG0005691_00",-0.0551065339896721,0.0158360193619487,0.901868485450024,"1e-05 to 1",0.0358368102215816,0.0302312102810093,174,"success","pgls5_castespolymorphic"
"OG0005695_00",-0.0526265993436494,0.0380074655936666,0.952896596548918,"1e-05 to 1",0.0267931077257855,0.0211349281195401,174,"success","pgls5_castespolymorphic"
"OG0005701_00",-0.06639820365225,0.00955953796632869,0.966698243046864,"1e-05 to 1",0.0420003060780986,0.036430540415762,174,"success","pgls5_castespolymorphic"
"OG0005723_00",-0.0491012191820846,0.0374190354254005,0.650635445812231,"1e-05 to 1",0.027124909675736,0.0214686591505948,174,"success","pgls5_castespolymorphic"
"OG0005734_00",-0.0472256380305413,0.0430297762310361,0.942732322898886,"1e-05 to 1",0.0253422229872007,0.0196756080045681,174,"success","pgls5_castespolymorphic"
"OG0005747_00",-0.049301415952555,0.0342047015524978,0.719226183651304,"1e-05 to 1",0.0275533982590181,0.0218996389465705,174,"success","pgls5_castespolymorphic"
"OG0005771_00",0.0424267198027304,0.0482681631432085,0.845579408838417,"1e-05 to 1",0.0244614315843686,0.0187896957214871,174,"success","pgls5_castespolymorphic"
"OG0005774_00",-0.0707563146761256,0.0114381541997712,0.519609085165716,"1e-05 to 1",0.0400441484227956,0.034463009750835,174,"success","pgls5_castespolymorphic"
"OG0005813_00",-0.043192756719361,0.0467574562252935,0.960404266640852,"1e-05 to 1",0.0244855258854615,0.0188139301057257,174,"success","pgls5_castespolymorphic"
"OG0005819_00",-0.0593409651336059,0.0092665802486156,0.982267008752019,"1e-05 to 1",0.0413070777819232,0.0357332817225159,174,"success","pgls5_castespolymorphic"
"OG0005824_00",-0.0383655961682808,0.0204487805295792,0.883481942437774,"1e-05 to 1",0.0331260319236216,0.0275046716441076,174,"success","pgls5_castespolymorphic"
"OG0005825_00",-0.0494701749566108,0.0168295486712196,0.572718988038417,"1e-05 to 1",0.0349748675857937,0.0293642563508274,174,"success","pgls5_castespolymorphic"
"OG0005841_00",-0.048444276457416,0.0491137352087494,0.828704563609148,"1e-05 to 1",0.0241294616141738,0.0184557956933261,174,"success","pgls5_castespolymorphic"
"OG0005849_00",-0.0337080997210685,0.0274743838857159,0.958980979853655,"1e-05 to 1",0.0300148644570146,0.0243754159945554,174,"success","pgls5_castespolymorphic"
"OG0005859_00",-0.0683633969337699,0.0101194201759167,0.869855856917959,"1e-05 to 1",0.0406169717015484,0.0350391633974876,174,"success","pgls5_castespolymorphic"
"OG0005865_00",-0.0600990530920692,0.00238594790205315,0.94698245111307,"1e-05 to 1",0.0562013832058925,0.0507141819454616,174,"success","pgls5_castespolymorphic"
"OG0005928_00",-0.0538616912275978,0.0318049133910343,0.961214726068043,"1e-05 to 1",0.0286596742919027,0.0230123468168557,174,"success","pgls5_castespolymorphic"
"OG0005929_00",-0.0519653913558547,0.0206535525325902,0.994309269044917,"1e-05 to 1",0.0330206835886087,0.027398710818775,174,"success","pgls5_castespolymorphic"
"OG0005943_00",-0.0393646221707586,0.0198149697706289,0.847572433144308,"1e-05 to 1",0.0338766707623737,0.0282596746621548,174,"success","pgls5_castespolymorphic"
"OG0005966_00",-0.0657926982734689,0.00812056120917171,1e-05,"1e-05 to 1",0.0432426971300929,0.037680154671547,174,"success","pgls5_castespolymorphic"
"OG0005987_00",-0.0493800568913886,0.0088020142679186,0.836339975371871,"1e-05 to 1",0.0421123530017252,0.0365432387749911,174,"success","pgls5_castespolymorphic"
"OG0006031_00",-0.0371577973537256,0.0369155955157456,0.869768380841731,"1e-05 to 1",0.0267645879054766,0.0211062424863223,174,"success","pgls5_castespolymorphic"
"OG0006074_00",-0.0396564061695674,0.0491700160253854,0.746980190836394,"1e-05 to 1",0.0241176268343775,0.0184438921066703,174,"success","pgls5_castespolymorphic"
"OG0006098_00",-0.0529409652478483,0.0127199441206138,0.856540515056951,"1e-05 to 1",0.0379379850121369,0.0323446012040679,174,"success","pgls5_castespolymorphic"
"OG0006116_00",0.0509425331004287,0.0417244669672268,0.947260194102816,"1e-05 to 1",0.0258204043818625,0.0201565695236176,174,"success","pgls5_castespolymorphic"
"OG0006126_00",0.0416790687811689,0.0250065661910317,0.926508005943423,"1e-05 to 1",0.0330428002829599,0.0274209560985585,174,"success","pgls5_castespolymorphic"
"OG0006143_00",-0.050838239290786,0.034254839853159,0.946223654937381,"1e-05 to 1",0.0273700732977529,0.0217152481425071,174,"success","pgls5_castespolymorphic"
"OG0006144_00",-0.0389770439023488,0.0287010168046542,0.715479050319074,"1e-05 to 1",0.0301148343304584,0.0244759670881937,174,"success","pgls5_castespolymorphic"
"OG0006186_00",-0.0497976129951584,0.0326142835875349,0.87380658569265,"1e-05 to 1",0.0282202159370984,0.0225703334716164,174,"success","pgls5_castespolymorphic"
"OG0006203_00",-0.0453061441454713,0.0161991550004412,0.935900065646463,"0.001 to 1",0.0353780044832624,0.0297697370674675,174,"success","pgls5_castespolymorphic"
"OG0006210_00",0.056032219379828,0.0313694028102875,0.84670314281112,"1e-05 to 1",0.0288045981850604,0.0231581132907875,174,"success","pgls5_castespolymorphic"
"OG0006212_00",-0.0545799750084245,0.031531987541074,0.885906347769505,"1e-05 to 1",0.029112259191303,0.0234675630238106,174,"success","pgls5_castespolymorphic"
"OG0006231_00",-0.0542170621555309,0.011335621234793,0.639521616409438,"1e-05 to 1",0.0394022779884607,0.0338174075116494,174,"success","pgls5_castespolymorphic"
"OG0006297_00",-0.0570933373146185,0.0230562227135094,0.875184693171007,"1e-05 to 1",0.0318588623132878,0.0262301347685976,174,"success","pgls5_castespolymorphic"
"OG0006306_00",-0.0768972107158392,0.00739533006694648,0.962945186295156,"0.001 to 1",0.0439829120167332,0.0384246731331096,174,"success","pgls5_castespolymorphic"
"OG0006319_00",-0.0524137499675369,0.0482218704330311,1,"1e-05 to 1",0.0244714167005102,0.0187997388906294,174,"success","pgls5_castespolymorphic"
"OG0006384_00",0.0518624267534107,0.0398924473561801,0.518414918244578,"1e-05 to 1",0.0264527320960978,0.0207925735617728,174,"success","pgls5_castespolymorphic"
"OG0006403_00",-0.0441785871175712,0.0156483673386754,0.920650734564757,"1e-05 to 1",0.0359635665163339,0.0303587035309637,174,"success","pgls5_castespolymorphic"
"OG0006408_00",-0.0412565299114806,0.0258821079660483,0.955595862960828,"1e-05 to 1",0.0306418072958379,0.0250060038498834,174,"success","pgls5_castespolymorphic"
"OG0006427_00",-0.0527302705119243,0.0174981285125657,0.93139519999363,"1e-05 to 1",0.0345638124188092,0.028950811328221,174,"success","pgls5_castespolymorphic"
"OG0006467_00",-0.0585919987582435,0.00581272552160161,0.718898235741637,"1e-05 to 1",0.0477443005642827,0.0422079302187262,174,"success","pgls5_castespolymorphic"
"OG0006500_00",-0.0449890537383495,0.042355453606489,0.844166032536445,"1e-05 to 1",0.0255054320088219,0.0198397659158498,174,"success","pgls5_castespolymorphic"
"OG0006504_00",-0.0621444733692689,0.019262838728128,0.919232752593308,"1e-05 to 1",0.0337582216889588,0.0281405369313366,174,"success","pgls5_castespolymorphic"
"OG0006509_00",0.0403312828631739,0.0266866771166916,0.798875022139748,"1e-05 to 1",0.0314864747814067,0.0258555821929264,174,"success","pgls5_castespolymorphic"
"OG0006521_00",-0.0556611241152257,0.0483459158623569,0.716600206869516,"1e-05 to 1",0.0242923502029598,0.018619631308791,174,"success","pgls5_castespolymorphic"
"OG0006549_00",-0.0395638934178807,0.0469906891268845,0.992307107374454,"1e-05 to 1",0.024283943477441,0.018611175706961,174,"success","pgls5_castespolymorphic"
"OG0006553_00",0.0420905476436183,0.0191030689434546,0.947660795563433,"1e-05 to 1",0.0340562784279177,0.0284403265583125,174,"success","pgls5_castespolymorphic"
"OG0006556_00",-0.06189082792151,0.00807352297583286,0.862453868588663,"1e-05 to 1",0.0435743436995472,0.0380137294187306,174,"success","pgls5_castespolymorphic"
"OG0006580_00",0.065324443329476,0.012253037480654,0.553872469665526,"1e-05 to 1",0.0390506276796198,0.0334637127242687,174,"success","pgls5_castespolymorphic"
"OG0006601_00",-0.0525812591853889,0.0105365543254505,0.893838217735632,"1e-05 to 1",0.0401844146024024,0.0346040914314861,174,"success","pgls5_castespolymorphic"
"OG0006604_00",0.0426225514553994,0.044029013990567,0.860265335855645,"1e-05 to 1",0.0252615772419162,0.0195944933886716,174,"success","pgls5_castespolymorphic"
"OG0006627_00",-0.0625489739257322,0.0227514596140495,1,"1e-05 to 1",0.0319991731379365,0.0263712613538547,174,"success","pgls5_castespolymorphic"
"OG0006645_00",-0.0419216020915938,0.0478058540025947,0.836763001448287,"1e-05 to 1",0.0244085489416535,0.0187365056215468,174,"success","pgls5_castespolymorphic"
"OG0006648_00",-0.0417544129068782,0.029376156514247,0.748227682436947,"1e-05 to 1",0.0293133340514632,0.0236698069238553,174,"success","pgls5_castespolymorphic"
"OG0006682_00",-0.0563008314745237,0.0243558675727493,0.932860613502418,"1e-05 to 1",0.0314753518448749,0.025844394588159,174,"success","pgls5_castespolymorphic"
"OG0006690_00",0.0626820295034211,0.0149470571574506,0.658181610575603,"1e-05 to 1",0.0366771066053796,0.0310763921088992,174,"success","pgls5_castespolymorphic"
"OG0006720_00",-0.0425307274727156,0.00844355354907123,0.956427229519166,"1e-05 to 1",0.0425586374912814,0.0369921179418121,174,"success","pgls5_castespolymorphic"
"OG0006735_00",-0.0652755163614822,0.0402592216221158,0.723149628879827,"1e-05 to 1",0.0261926673587126,0.0205309968201004,174,"success","pgls5_castespolymorphic"
"OG0006762_00",-0.0697076188725517,0.01457165475322,0.609784857031042,"1e-05 to 1",0.0369495586151554,0.0313504281419876,174,"success","pgls5_castespolymorphic"
"OG0006782_00",-0.0481498494308363,0.0450984682108486,0.583743697343153,"1e-05 to 1",0.0248576637796871,0.0191882315923597,174,"success","pgls5_castespolymorphic"
"OG0006806_00",-0.0629933412694434,0.0261575995353325,0.863152501209386,"1e-05 to 1",0.0305305445675469,0.0248940942452651,174,"success","pgls5_castespolymorphic"
"OG0006842_00",-0.0717690678365487,0.0103343148889468,0.934708205892162,"1e-05 to 1",0.0401453851082614,0.0345648350216816,174,"success","pgls5_castespolymorphic"
"OG0006886_00",0.0476660237428673,0.00764657658260925,0.841161685950449,"1e-05 to 1",0.0441652520542108,0.0386080732870842,174,"success","pgls5_castespolymorphic"
"OG0006890_00",0.0399316781609593,0.0395981724410053,0.949634910269073,"1e-05 to 1",0.0262021380164278,0.0205405225397791,174,"success","pgls5_castespolymorphic"
"OG0006896_00",-0.0360175727027988,0.0189997041256751,0.989477102488562,"1e-05 to 1",0.0334911442411998,0.0278719067077183,174,"success","pgls5_castespolymorphic"
"OG0006915_00",-0.0506837004894556,0.0350526822633197,0.900994127426896,"1e-05 to 1",0.027639560197717,0.0219863018267734,174,"success","pgls5_castespolymorphic"
"OG0006930_00",0.060566694806915,0.0199908931834814,0.42446979708515,"1e-05 to 1",0.0339941419155234,0.0283778287871252,174,"success","pgls5_castespolymorphic"
"OG0006935_00",0.0477339423557533,0.040905705565045,0.888947268481868,"1e-05 to 1",0.0261897749109909,0.0205280875558221,174,"success","pgls5_castespolymorphic"
"OG0006945_00",-0.0493122401908197,0.0314970273310997,0.890833146674091,"1e-05 to 1",0.0285841959419623,0.0229364296392992,174,"success","pgls5_castespolymorphic"
"OG0006954_00",-0.0571454779856228,0.00361993710775232,0.7262274678768,"1e-05 to 1",0.052006429014835,0.0464948384858515,174,"success","pgls5_castespolymorphic"
"OG0006960_00",0.0578192918684722,0.0362831175224239,0.925375947507329,"1e-05 to 1",0.0274492106209434,0.0217948455664141,174,"success","pgls5_castespolymorphic"
"OG0007007_00",-0.050969320076113,0.021937764936953,1,"1e-05 to 1",0.0327878386089043,0.0271645120891886,174,"success","pgls5_castespolymorphic"
"OG0007047_00",-0.0601085580697886,0.0144905593509681,0.798074207377799,"1e-05 to 1",0.0365567251702812,0.0309553107817362,174,"success","pgls5_castespolymorphic"
"OG0007072_00",-0.0407373230853995,0.0490010494352175,0.957133860027624,"1e-05 to 1",0.0243046712693724,0.0186320240093105,174,"success","pgls5_castespolymorphic"
"OG0007080_00",-0.0530702366678961,0.00987670762132997,0.982062396295106,"1e-05 to 1",0.0421716090629303,0.0366028393481798,174,"success","pgls5_castespolymorphic"
"OG0007103_00",-0.0518593037780498,0.0248256893341026,0.244589870929999,"1e-05 to 1",0.0359622610656805,0.0303573904904809,174,"success","pgls5_castespolymorphic"
"OG0007122_00",-0.0488778926052167,0.00343548659517001,0.983160757594195,"1e-05 to 1",0.0529002588017121,0.0473938649575359,174,"success","pgls5_castespolymorphic"
"OG0007125_00",-0.0567053304448766,0.0224795311406401,0.972559733488234,"1e-05 to 1",0.0323253745310985,0.0266993592667444,174,"success","pgls5_castespolymorphic"
"OG0007137_00",-0.0614482734429189,0.0265791110249696,0.832135150573717,"1e-05 to 1",0.0307421792165092,0.025106959328233,174,"success","pgls5_castespolymorphic"
"OG0007158_00",-0.0478456721094166,0.0320484659964717,0.860799754937497,"1e-05 to 1",0.0293084731341361,0.0236649177453812,174,"success","pgls5_castespolymorphic"
"OG0007161_00",-0.0598382863773957,0.00838922706266398,1,"1e-05 to 1",0.042891028873096,0.0373264418316606,174,"success","pgls5_castespolymorphic"
"OG0007168_00",-0.0459396330957976,0.00859620896632785,0.758781006569708,"1e-05 to 1",0.0426277873923063,0.0370616698771453,174,"success","pgls5_castespolymorphic"
"OG0007194_00",-0.0505621938065993,0.0431014513960912,0.88561711050613,"0.001 to 1",0.0254827543161002,0.0198169563760775,174,"success","pgls5_castespolymorphic"
"OG0007208_00",-0.0376751816664125,0.0373244677629052,0.883101224779585,"1e-05 to 1",0.0269825498749778,0.0213254716765765,174,"success","pgls5_castespolymorphic"
"OG0007210_00",-0.0481638993693164,0.0218336741898026,0.946015569655159,"1e-05 to 1",0.0328386637423043,0.0272156327175502,174,"success","pgls5_castespolymorphic"
"OG0007212_00",-0.0363974807809287,0.032622991004871,0.763922127793011,"1e-05 to 1",0.0283929020968981,0.0227440236207173,174,"success","pgls5_castespolymorphic"
"OG0007233_00",-0.0565361985199351,0.0112183334651483,0.909945486940051,"1e-05 to 1",0.0412892276860352,0.0357153278470005,174,"success","pgls5_castespolymorphic"
"OG0007253_00",0.0519720397496405,0.033082542555547,0.870903316712578,"1e-05 to 1",0.0282460592891742,0.0225963270757391,174,"success","pgls5_castespolymorphic"
"OG0007254_00",0.0552151338785338,0.0305945365552376,0.946872120125855,"1e-05 to 1",0.0290676591851902,0.0234227037153366,174,"success","pgls5_castespolymorphic"
"OG0007255_00",-0.0286743932672342,0.0305944562476232,0.957278441327755,"1e-05 to 1",0.0292495131514558,0.0236056149721038,174,"success","pgls5_castespolymorphic"
"OG0007265_00",-0.0746463554500684,0.00908026032127029,0.848717941194398,"1e-05 to 1",0.0420364009079208,0.0364668450992459,174,"success","pgls5_castespolymorphic"
"OG0007278_00",-0.0565032414722057,0.00828677716472415,0.976272046873566,"1e-05 to 1",0.0427598859302924,0.0371945364298871,174,"success","pgls5_castespolymorphic"
"OG0007333_00",-0.0543281761668498,0.0146973123612102,0.95534237737602,"1e-05 to 1",0.0368575733162867,0.0312579080448697,174,"success","pgls5_castespolymorphic"
"OG0007344_00",-0.052908614592066,0.0346440653561002,0.98566842641942,"1e-05 to 1",0.0284708225662591,0.0228223971160629,174,"success","pgls5_castespolymorphic"
"OG0007345_00",-0.0335404711883716,0.033417497435658,0.919163653689533,"1e-05 to 1",0.028140351718994,0.0224900049266625,174,"success","pgls5_castespolymorphic"
"OG0007346_00",-0.0463837071544573,0.0124302565894461,0.722388896731907,"1e-05 to 1",0.0391389997603704,0.0335525985961865,174,"success","pgls5_castespolymorphic"
"OG0007380_00",-0.0506677928881481,0.0296845067444274,0.939091859049481,"1e-05 to 1",0.0292040139704997,0.0235598512610259,174,"success","pgls5_castespolymorphic"
"OG0007394_00",0.0841888269066776,0.0388673818886756,0.644114198018049,"1e-05 to 1",0.0268943598495128,0.0212367689184053,174,"success","pgls5_castespolymorphic"
"OG0007432_00",-0.0410422757037494,0.0354898890967998,0.882571211728606,"1e-05 to 1",0.027856365045812,0.0222043671681714,174,"success","pgls5_castespolymorphic"
"OG0007452_00",0.0476142486705063,0.0055166423912274,0.75052422290358,"1e-05 to 1",0.0477229863313392,0.0421864920658237,174,"success","pgls5_castespolymorphic"
"OG0007467_00",-0.0524436147580127,0.0154149689465211,0.84881003778773,"1e-05 to 1",0.0363471120433476,0.0307444789738321,174,"success","pgls5_castespolymorphic"
"OG0007472_00",-0.0477852287469854,0.0158756447149178,0.760754686404882,"1e-05 to 1",0.0362566154039233,0.0306534561911554,174,"success","pgls5_castespolymorphic"
"OG0007491_00",-0.0728331683288865,0.00529830125154396,0.967749405725354,"1e-05 to 1",0.0545872788770244,0.0490906932891001,174,"success","pgls5_castespolymorphic"
"OG0007499_00",-0.0541449601632702,0.0115349629602324,0.8983275433312,"1e-05 to 1",0.0392158821680706,0.033629927994629,174,"success","pgls5_castespolymorphic"
"OG0007569_00",-0.0495690671446279,0.0263278522137469,0.894828126970287,"1e-05 to 1",0.031233597848739,0.025601235045534,174,"success","pgls5_castespolymorphic"
"OG0007611_00",0.0342022996245703,0.0209028823848572,0.956696692451411,"1e-05 to 1",0.0333045005597902,0.0276841778886261,174,"success","pgls5_castespolymorphic"
"OG0007615_00",-0.0557804316289808,0.0155544490887407,0.882387190771675,"1e-05 to 1",0.0374091230819358,0.0318126644952029,174,"success","pgls5_castespolymorphic"
"OG0007627_00",-0.0396949505368076,0.0226741035245304,0.994714596165578,"1e-05 to 1",0.0324352087218312,0.0268098320283535,174,"success","pgls5_castespolymorphic"
"OG0007630_00",-0.08508860968601,0.00121960466053084,1,"1e-05 to 1",0.0650553340666007,0.0596196092646624,174,"success","pgls5_castespolymorphic"
"OG0007637_00",-0.106286383735494,0.00159547685744132,0.811856786333701,"1e-05 to 1",0.0605633657901637,0.055101524893595,174,"success","pgls5_castespolymorphic"
"OG0007650_00",-0.0515910116954776,0.0204704685933801,0.917913446156379,"1e-05 to 1",0.0337387646196866,0.0281209667395684,174,"success","pgls5_castespolymorphic"
"OG0007668_00",-0.0727461112050038,0.00106769459846223,0.930922530973127,"1e-05 to 1",0.0661220049911315,0.0606924817643357,174,"success","pgls5_castespolymorphic"
"OG0007687_00",-0.0585683231292113,0.042581644989621,0.942684715254702,"1e-05 to 1",0.0257693582861977,0.0201052266483267,174,"success","pgls5_castespolymorphic"
"OG0007709_00",-0.0418305751910355,0.0472330325612047,0.963515483091627,"1e-05 to 1",0.0245333041169885,0.0188619861176686,174,"success","pgls5_castespolymorphic"
"OG0007733_00",-0.0521292724835105,0.0431322826634191,0.860162073161871,"1e-05 to 1",0.0254753232847691,0.0198094821410759,174,"success","pgls5_castespolymorphic"
"OG0007738_00",-0.0837087181191442,0.006043097962247,0.915200640059026,"1e-05 to 1",0.0464408122386433,0.0408968634725888,174,"success","pgls5_castespolymorphic"
"OG0007775_00",-0.0466800038162437,0.0236579824802265,0.886303620002158,"1e-05 to 1",0.0317834013716044,0.0261542351005092,174,"success","pgls5_castespolymorphic"
"OG0007782_00",-0.0468800404906569,0.0333302490810521,0.876850645290422,"1e-05 to 1",0.0285225601016149,0.0228744354510428,174,"success","pgls5_castespolymorphic"
"OG0007804_00",-0.0509876998249424,0.0206735891379992,0.390051730665092,"1e-05 to 1",0.0332151973226485,0.0275943554466174,174,"success","pgls5_castespolymorphic"
"OG0007820_00",0.0417668223962114,0.0312536725737316,0.882644976964306,"1e-05 to 1",0.0292066202951068,0.0235624727386831,174,"success","pgls5_castespolymorphic"
"OG0007843_00",0.0428313076588016,0.0491398553817937,0.80751232416786,"1e-05 to 1",0.025061092391057,0.0193928429282144,174,"success","pgls5_castespolymorphic"
"OG0007868_00",0.0542943860975065,0.0255760103817637,0.713366097087836,"1e-05 to 1",0.0327906893339902,0.0271673793882575,174,"success","pgls5_castespolymorphic"
"OG0007885_00",0.0484164035020536,0.035890506692223,0.626700170554069,"1e-05 to 1",0.0286395768119455,0.0229921324910847,174,"success","pgls5_castespolymorphic"
"OG0007929_00",0.0633227753229526,0.0162871554015274,0.881596425224462,"1e-05 to 1",0.035981283835157,0.0303765238574545,174,"success","pgls5_castespolymorphic"
"OG0007936_00",-0.084663226998682,0.00234692709733686,0.931874307388589,"1e-05 to 1",0.057787537275523,0.0523095578410783,174,"success","pgls5_castespolymorphic"
"OG0007937_00",-0.037450947744195,0.0238328325828627,0.900062104363665,"1e-05 to 1",0.0369862107868595,0.0313872934077134,174,"success","pgls5_castespolymorphic"
"OG0007953_00",-0.040380603165302,0.0401268023538617,0.963282078548696,"1e-05 to 1",0.0265576723237539,0.0208981239070316,174,"success","pgls5_castespolymorphic"
"OG0007968_00",-0.0632338439174197,0.00380952700569148,1,"1e-05 to 1",0.0524172744705306,0.0469080725779174,174,"success","pgls5_castespolymorphic"
"OG0007977_00",-0.0519553771589655,0.0216506144678255,0.984048093245907,"1e-05 to 1",0.0327243437634369,0.0271006480876429,174,"success","pgls5_castespolymorphic"
"OG0008015_00",-0.0422772612018285,0.0199183371302383,0.9354719946481,"1e-05 to 1",0.0334040295508214,0.027784285536582,174,"success","pgls5_castespolymorphic"
"OG0008039_00",-0.0413251791297422,0.0230800327194847,0.899227900855042,"1e-05 to 1",0.0328615106501979,0.0272386124563038,174,"success","pgls5_castespolymorphic"
"OG0008054_00",-0.058849549787402,0.0183769000199692,0.907095261447178,"1e-05 to 1",0.0358009566045538,0.0301951482127198,174,"success","pgls5_castespolymorphic"
"OG0008058_00",-0.0449313175969528,0.0244282305827945,0.77349735598041,"1e-05 to 1",0.0320407262601441,0.026413056063982,174,"success","pgls5_castespolymorphic"
"OG0008059_00",-0.0466885277842766,0.0139064204580452,0.531862256968027,"1e-05 to 1",0.0391464104578439,0.0335600523791103,174,"success","pgls5_castespolymorphic"
"OG0008066_00",-0.0616337882575067,0.00693869918085044,0.830214375959823,"1e-05 to 1",0.0457907420948358,0.0402430138512011,174,"success","pgls5_castespolymorphic"
"OG0008072_00",-0.0625219339376898,0.00377672878631508,0.802056441331717,"1e-05 to 1",0.0549190706671499,0.0494244141012612,174,"success","pgls5_castespolymorphic"
"OG0008077_00",-0.0336620275801298,0.00937495602084315,0.93641657938026,"1e-05 to 1",0.0414359060042509,0.0358628589461359,174,"success","pgls5_castespolymorphic"
"OG0008081_00",0.0446266884166935,0.0178906450165108,0.861270695461219,"1e-05 to 1",0.0351916871969471,0.0295823365411154,174,"success","pgls5_castespolymorphic"
"OG0008092_00",-0.0427070676341236,0.0167814331865519,0.862371764911075,"1e-05 to 1",0.0352206404852895,0.0296114581625295,174,"success","pgls5_castespolymorphic"
"OG0008104_00",0.036171861616785,0.0252717738896324,0.977649490745747,"1e-05 to 1",0.0316746292104539,0.0260448305430728,174,"success","pgls5_castespolymorphic"
"OG0008107_00",0.0562489724388976,0.0292050478049664,0.777512661365096,"1e-05 to 1",0.0295570663408146,0.0239149562614007,174,"success","pgls5_castespolymorphic"
"OG0008111_00",-0.0396208537370241,0.0218168853636853,0.90584220663111,"1e-05 to 1",0.0328468845878664,0.0272239013587262,174,"success","pgls5_castespolymorphic"
"OG0008118_00",-0.0452048447164334,0.0362603426879176,0.814882197080029,"1e-05 to 1",0.0287142929215744,0.0230672829966999,174,"success","pgls5_castespolymorphic"
"OG0008120_00",-0.0475605069059217,0.0191376054728862,0.879071532244488,"1e-05 to 1",0.0346821571571431,0.029069844117359,174,"success","pgls5_castespolymorphic"
"OG0008137_00",-0.0492018449107276,0.0153246597464605,0.939207009945888,"1e-05 to 1",0.0366368811645648,0.0310359327992425,174,"success","pgls5_castespolymorphic"
"OG0008147_00",-0.0476449125534395,0.0185922139736181,0.841013311118867,"1e-05 to 1",0.0347763660366497,0.0291646007229094,174,"success","pgls5_castespolymorphic"
"OG0008159_00",-0.0507020309654451,0.0372255582490009,0.777650049795655,"1e-05 to 1",0.0271794197105889,0.0215234861042551,174,"success","pgls5_castespolymorphic"
"OG0008190_00",0.0507412560337042,0.0338455273216396,0.742193427735805,"1e-05 to 1",0.0287214192628255,0.0230744507701676,174,"success","pgls5_castespolymorphic"
"OG0008194_00",-0.0557826519310163,0.020847233888535,0.819167098214776,"1e-05 to 1",0.0344068575871688,0.0287929439684895,174,"success","pgls5_castespolymorphic"
"OG0008204_00",-0.0334110028019455,0.0260170907846407,0.903199493118062,"1e-05 to 1",0.0307771137568816,0.0251420969763984,174,"success","pgls5_castespolymorphic"
"OG0008211_00",0.0485287286686258,0.00916330535516852,0.949764957744119,"1e-05 to 1",0.0449942350799497,0.0394418759815773,174,"success","pgls5_castespolymorphic"
"OG0008222_00",-0.0394429390734487,0.0482692394523703,0.974620357299361,"0.1 to 1",0.024615557874323,0.0189447180945226,174,"success","pgls5_castespolymorphic"
"OG0008230_00",-0.0399902848699624,0.0464850201457887,0.91508899529308,"1e-05 to 1",0.0270588380812133,0.0214022034188946,174,"success","pgls5_castespolymorphic"
"OG0008261_00",-0.0750206365760122,0.0131367128844044,0.775715053033784,"1e-05 to 1",0.0397843465573034,0.0342016974093806,174,"success","pgls5_castespolymorphic"
"OG0008277_00",0.0357718308296467,0.0414091653721265,0.480970630434401,"1e-05 to 1",0.0265608835112775,0.02090135376425,174,"success","pgls5_castespolymorphic"
"OG0008308_00",0.0528069425667502,0.0240352779012585,0.889205319177307,"1e-05 to 1",0.0326285367593676,0.0270042840661081,174,"success","pgls5_castespolymorphic"
"OG0008336_00",-0.0582918332224919,0.0226210602136003,0.911792998133297,"1e-05 to 1",0.0330799529242036,0.0274583247435304,174,"success","pgls5_castespolymorphic"
"OG0008380_00",-0.0649484672808376,0.0293161089826981,0.58161531616444,"1e-05 to 1",0.031683052938905,0.0260533032466893,174,"success","pgls5_castespolymorphic"
"OG0008381_00",0.0535178797798746,0.00292030707959601,0.786423001652606,"1e-05 to 1",0.0553629280407114,0.049870852040948,174,"success","pgls5_castespolymorphic"
"OG0008395_00",-0.0403970300218442,0.0389181920383042,0.868308873744932,"1e-05 to 1",0.02739863534975,0.0217439762529461,174,"success","pgls5_castespolymorphic"
"OG0008405_00",-0.06169722505458,0.00908366334288435,0.661285770920602,"1e-05 to 1",0.0453958459999524,0.0398458218487894,174,"success","pgls5_castespolymorphic"
"OG0008430_00",-0.091161260754908,0.0391411801910317,0.827218493048078,"1e-05 to 1",0.0508637277895144,0.0453454936487556,174,"success","pgls5_castespolymorphic"
"OG0008431_00",0.0327005358411078,0.0346573447530099,0.949552294249863,"1e-05 to 1",0.028286258898321,0.0226367604035438,174,"success","pgls5_castespolymorphic"
"OG0008441_00",-0.0505620267068101,0.0286874062488787,0.94119814023431,"1e-05 to 1",0.0306994148664878,0.0250639463482696,174,"success","pgls5_castespolymorphic"
"OG0008445_00",-0.0581359581302568,0.00705422496107388,0.672745907963054,"1e-05 to 1",0.045608727667118,0.0400599412000664,174,"success","pgls5_castespolymorphic"
"OG0008468_00",-0.0371626063071109,0.0207511872825115,0.981543196795,"1e-05 to 1",0.0342372418396897,0.0286223420829438,174,"success","pgls5_castespolymorphic"
"OG0008487_00",0.0565465768488952,0.044876486881229,0.538631174020313,"1e-05 to 1",0.0370716343995523,0.0314732136693172,174,"success","pgls5_castespolymorphic"
"OG0008498_00",-0.0570503790986612,0.00774398240352037,1e-05,"1e-05 to 1",0.0506265144763994,0.0451069011884714,174,"success","pgls5_castespolymorphic"
"OG0008508_00",-0.057292938859026,0.0213552345753349,0.785217806104425,"1e-05 to 1",0.0345869545379039,0.0289740879945196,174,"success","pgls5_castespolymorphic"
"OG0008580_00",-0.0480260811961962,0.0461965827004056,0.912969643978927,"1e-05 to 1",0.0249183477802931,0.0192492684069226,174,"success","pgls5_castespolymorphic"
"OG0008593_00",-0.0557733590807669,0.0244949489326931,0.808344341519169,"1e-05 to 1",0.033717859502981,0.0280999400814868,174,"success","pgls5_castespolymorphic"
"OG0008603_00",0.0282224488324757,0.0317899980065666,0.933565072723159,"1e-05 to 1",0.0305650320192138,0.024928782205372,174,"success","pgls5_castespolymorphic"
"OG0008630_00",0.0421973616909449,0.0494232577918499,0.738866301905129,"1e-05 to 1",0.025494594534457,0.0198288654329132,174,"success","pgls5_castespolymorphic"
"OG0008643_00",-0.0474058407000611,0.042718564775003,0.640439308349609,"1e-05 to 1",0.031451443278531,0.0258203470185225,174,"success","pgls5_castespolymorphic"
"OG0008658_00",-0.0488987547975526,0.0215236023286665,0.829065151856273,"1e-05 to 1",0.0351883885758993,0.0295790187420382,174,"success","pgls5_castespolymorphic"
"OG0008660_00",-0.046509432569221,0.0163630237145675,0.710618844758082,"1e-05 to 1",0.0383199773220647,0.0327288143995186,174,"success","pgls5_castespolymorphic"
"OG0008667_00",-0.049363428697434,0.0264676601262916,0.76964102147128,"1e-05 to 1",0.031986394921586,0.0263584088455486,174,"success","pgls5_castespolymorphic"
"OG0008672_00",-0.054077038059961,0.0480763100885384,1,"1e-05 to 1",0.0263182204204134,0.0206572798414624,174,"success","pgls5_castespolymorphic"
"OG0008690_00",-0.0437179291483964,0.0325159382517368,0.850040151406583,"1e-05 to 1",0.0297211483401462,0.0240799922258447,174,"success","pgls5_castespolymorphic"
"OG0008693_00",-0.0566388446573701,0.0409425264687426,0.824821470426513,"1e-05 to 1",0.0312747968257305,0.0256426735514615,174,"success","pgls5_castespolymorphic"
"OG0008724_00",0.0552328054965173,0.00936818913708137,0.194067146006931,"1e-05 to 1",0.0465907790495761,0.0410477021835852,174,"success","pgls5_castespolymorphic"
"OG0008735_00",-0.0495811556152451,0.0211570069413103,0.938969677389547,"1e-05 to 1",0.036105258637569,0.0305012194436013,174,"success","pgls5_castespolymorphic"
"OG0008758_00",-0.0560923030313536,0.0239653386236709,0.951251553655585,"1e-05 to 1",0.035380521034422,0.0297722682497383,174,"success","pgls5_castespolymorphic"
"OG0008769_00",-0.0570878515320117,0.0329307225644633,0.976668851208342,"1e-05 to 1",0.031420737975547,0.0257894631963351,174,"success","pgls5_castespolymorphic"
"OG0008770_00",-0.046174567883735,0.0318750340518903,0.760999172889653,"1e-05 to 1",0.0311547908361627,0.0255219698526521,174,"success","pgls5_castespolymorphic"
"OG0008809_00",0.0588993735249776,0.00556814678801709,0.83776646522532,"1e-05 to 1",0.0521441991546753,0.0466334096148769,174,"success","pgls5_castespolymorphic"
"OG0008823_00",-0.0308019428475955,0.0337913099661078,0.979311054831983,"1e-05 to 1",0.0306966000836864,0.025061115200452,174,"success","pgls5_castespolymorphic"
"OG0008833_00",-0.0482342136427554,0.0153178237472367,1,"1e-05 to 1",0.0412706244784716,0.0356966164812534,174,"success","pgls5_castespolymorphic"
"OG0008857_00",-0.0702738264586628,0.0197986029898372,0.865263822924264,"1e-05 to 1",0.0420124774153964,0.0364427825166488,174,"success","pgls5_castespolymorphic"
"OG0008912_00",0.0515809170680108,0.0149568902868074,1,"1e-05 to 1",0.0412696192480243,0.035695605406443,174,"success","pgls5_castespolymorphic"
"OG0008960_00",-0.0391504280046768,0.0440923806149986,0.979392595321561,"1e-05 to 1",0.029255514293678,0.0236116510046877,174,"success","pgls5_castespolymorphic"
"OG0009001_00",0.035566479772738,0.0354079010662853,0.558119697945841,"1e-05 to 1",0.0333419471642446,0.0277218422058972,174,"success","pgls5_castespolymorphic"
"OG0009010_00",-0.0405580461984183,0.0305269866939049,0.986811455228638,"1e-05 to 1",0.0329869626629172,0.0273647938411899,174,"success","pgls5_castespolymorphic"
"OG0009039_00",-0.068479621347467,0.0202268270676549,0.968007165883449,"1e-05 to 1",0.0368785363981606,0.0312789930051266,174,"success","pgls5_castespolymorphic"
"OG0009071_00",0.0617404871325101,0.0314677316648766,0.693246963197149,"1e-05 to 1",0.0345757743058459,0.0289628427611124,174,"success","pgls5_castespolymorphic"
"OG0009086_00",-0.0758547593248479,0.00792081188877169,0.714098938936071,"1e-05 to 1",0.049289619809769,0.0437622338784305,174,"success","pgls5_castespolymorphic"
"OG0009095_00",-0.0543476318236887,0.0190344496416532,0.957474603993606,"1e-05 to 1",0.0391982964362137,0.0336122400201452,174,"success","pgls5_castespolymorphic"
"OG0009209_00",-0.0570565166665358,0.0217415563713146,0.940919386014653,"1e-05 to 1",0.0386796267585279,0.0330905548210774,174,"success","pgls5_castespolymorphic"
"OG0009231_00",0.0626500337395191,0.0095829571123387,0.391213284245169,"1e-05 to 1",0.0699770269129761,0.0645699166043306,174,"success","pgls5_castespolymorphic"
"OG0009255_00",0.0563639894748554,0.0159247487228749,0.783721306554896,"1e-05 to 1",0.0432282525734311,0.0376656261349044,174,"success","pgls5_castespolymorphic"
"OG0009283_00",0.0513948743625913,0.00854555073041752,0.837835291166408,"1e-05 to 1",0.0527926164920939,0.0472855968205365,174,"success","pgls5_castespolymorphic"
"OG0009336_00",0.0717274337945088,0.023156931321467,0.924592300401763,"1e-05 to 1",0.0390368602022336,0.0334498652034093,174,"success","pgls5_castespolymorphic"
"OG0009372_00",0.0774636681264008,0.0121674481098735,0.975873930316973,"1e-05 to 1",0.0473824548589031,0.0418439807592456,174,"success","pgls5_castespolymorphic"
"OG0009389_00",0.0703014207467962,0.0308899208894347,0.599162996277536,"1e-05 to 1",0.035881442639289,0.0302761021895175,174,"success","pgls5_castespolymorphic"
"OG0009423_00",-0.058461805587898,0.0113241803516408,0.97303369477727,"1e-05 to 1",0.0510086026109566,0.0454912107656713,174,"success","pgls5_castespolymorphic"
"OG0009429_00",0.034130041480536,0.0373278184377983,0.850062796609911,"1e-05 to 1",0.0342224391080605,0.0286074532889212,174,"success","pgls5_castespolymorphic"
"OG0009448_00",-0.0709811062011433,0.0156284442164529,0.914459078304943,"1e-05 to 1",0.0469607990328675,0.0414198734458493,174,"success","pgls5_castespolymorphic"
"OG0009504_00",0.0554005550419237,0.0104346220904301,0.617565805637481,"1e-05 to 1",0.0497619383585593,0.0442372984652952,174,"success","pgls5_castespolymorphic"
"OG0009505_00",-0.0570771884420218,0.0126656742483162,1,"1e-05 to 1",0.0498664531828385,0.0443424209339014,174,"success","pgls5_castespolymorphic"
"OG0009524_00",-0.0567226209856423,0.00773542768427671,0.970508472152025,"1e-05 to 1",0.0571682074565544,0.0516866272673484,174,"success","pgls5_castespolymorphic"
"OG0009528_00",-0.0442619791707737,0.0105614745451952,1e-05,"1e-05 to 1",0.0541184954215035,0.0486191843483728,174,"success","pgls5_castespolymorphic"
"OG0009530_00",0.0488989456472968,0.045718693576787,0.910998746037258,"1e-05 to 1",0.0325846750143004,0.0269601673108952,174,"success","pgls5_castespolymorphic"
"OG0009535_00",-0.044902871630871,0.0458021748729918,0.928390345143688,"1e-05 to 1",0.0345329488600212,0.0289197683301377,174,"success","pgls5_castespolymorphic"
"OG0009575_00",0.0516407666949354,0.00554231720716114,1e-05,"1e-05 to 1",0.0618483509672389,0.0563939809147228,174,"success","pgls5_castespolymorphic"
"OG0009577_00",-0.0813373612348867,0.00503118709125827,1e-05,"1e-05 to 1",0.0782965338422789,0.0729377927599667,174,"success","pgls5_castespolymorphic"
"OG0009650_00",-0.0491094865041017,0.0326448577498466,1,"1e-05 to 1",0.0380995238828573,0.0325070792542692,174,"success","pgls5_castespolymorphic"
"OG0009690_00",0.0662955932403101,0.00547660812267647,0.791523970494957,"1e-05 to 1",0.0651572811210305,0.0597221490345249,174,"success","pgls5_castespolymorphic"
"OG0009789_00",-0.0657562830366491,0.045973890450572,0.915349751749446,"0.001 to 1",0.0357160223116339,0.0301097201157714,174,"success","pgls5_castespolymorphic"
"OG0009809_00",-0.0582220667972718,0.0412268550456463,0.859382149383143,"1e-05 to 1",0.0366787234215309,0.0310780183251443,174,"success","pgls5_castespolymorphic"
"OG0009826_00",-0.0908803903478172,0.0198226896595308,0.872349032132052,"1e-05 to 1",0.0520661114803651,0.0465548679424603,174,"success","pgls5_castespolymorphic"
"OG0009849_00",-0.0550750283344103,0.0454320587567323,0.676983417101336,"1e-05 to 1",0.042799075413934,0.0372339537593639,174,"success","pgls5_castespolymorphic"
"OG0009883_00",-0.0846946104332304,0.00704912947609149,0.885832268237008,"1e-05 to 1",0.0677423607557668,0.0623222582020213,174,"success","pgls5_castespolymorphic"
"OG0009890_00",-0.0419450458202502,0.0138042099321183,1e-05,"1e-05 to 1",0.0585426352966556,0.0530690459669849,174,"success","pgls5_castespolymorphic"
"OG0009922_00",0.047583935211491,0.0291739025344409,0.46080942765731,"1e-05 to 1",0.0457873214484326,0.0402395733173188,174,"success","pgls5_castespolymorphic"
"OG0009957_00",-0.0355460357165888,0.0315367922737564,0.951567344290936,"1e-05 to 1",0.0492728415825365,0.0437453581033652,174,"success","pgls5_castespolymorphic"
"OG0009958_00",-0.0619920655576185,0.0260891570100623,0.93022311800903,"1e-05 to 1",0.0458353032984706,0.0402878341316013,174,"success","pgls5_castespolymorphic"
"OG0009974_00",-0.0621301235288248,0.00909401982162628,0.859327774319884,"1e-05 to 1",0.0618895113197453,0.0564353805716042,174,"success","pgls5_castespolymorphic"
"OG0009997_00",-0.0403145161448036,0.029019395570089,0.896159954534769,"1e-05 to 1",0.0477094873117579,0.0421729145635705,174,"success","pgls5_castespolymorphic"
"OG0010016_00",-0.0521698431411777,0.0375450909466135,0.618215079169536,"1e-05 to 1",0.0413209224368865,0.035747206869659,174,"success","pgls5_castespolymorphic"
"OG0010115_00",-0.0732579122510886,0.000988872023578447,0.985585408836876,"1e-05 to 1",0.101360825488985,0.0961361791255485,174,"success","pgls5_castespolymorphic"
"OG0010148_00",0.0478493746990593,0.0237688259215236,0.956584690221539,"1e-05 to 1",0.0515879178896386,0.0460738941564388,174,"success","pgls5_castespolymorphic"
"OG0010168_00",-0.0423223722506202,0.0364874708903231,0.722395666676821,"1e-05 to 1",0.0476966013618743,0.0421599536953735,174,"success","pgls5_castespolymorphic"
"OG0010265_00",-0.0561918922298623,0.0466142907702032,0.53360175125473,"1e-05 to 1",0.0452495254488514,0.0396986505968099,174,"success","pgls5_castespolymorphic"
"OG0010304_00",0.0597189024591944,0.026597268802576,0.466395490077443,"1e-05 to 1",0.0571806955927056,0.0516991880089422,174,"success","pgls5_castespolymorphic"
"OG0010327_00",-0.0644739771561299,0.0482045864028289,0.44877328918518,"1e-05 to 1",0.0451352606902095,0.0395837215081758,174,"success","pgls5_castespolymorphic"
"OG0010330_00",-0.124237821285941,0.00148438841303511,0.994252665078944,"0.001 to 1",0.105572571186826,0.100372411716982,174,"success","pgls5_castespolymorphic"
"OG0010335_00",-0.0531226141936096,0.0192478955073705,0.73857444606426,"1e-05 to 1",0.0613722773147019,0.0559151393921128,174,"success","pgls5_castespolymorphic"
"OG0010359_00",0.0820382900208599,0.0183564683374895,0.905031858591887,"1e-05 to 1",0.0636977156425093,0.0582540977101984,174,"success","pgls5_castespolymorphic"
"OG0010361_00",0.0638516599225155,0.0245882965389703,1e-05,"1e-05 to 1",0.0587136429049983,0.0532410478056088,174,"success","pgls5_castespolymorphic"
"OG0010450_00",0.0681420232286378,0.0293711178382896,0.906707979720048,"1e-05 to 1",0.0593949257741054,0.0539262916216292,174,"success","pgls5_castespolymorphic"
"OG0010451_00",0.0749000641434707,0.00675671546816847,1e-05,"1e-05 to 1",0.0860806355674224,0.0807671508904888,174,"success","pgls5_castespolymorphic"
"OG0010511_00",0.0697485876763276,0.000399300829947435,0.981365725772604,"1e-05 to 1",0.147575512239593,0.142619555915405,174,"success","pgls5_castespolymorphic"
"OG0010512_00",-0.0813291152947595,0.00126580179229085,0.973684215501661,"1e-05 to 1",0.122520946448369,0.117419324043999,174,"success","pgls5_castespolymorphic"
"OG0010568_00",-0.0432635738982194,0.0473908405031489,0.785686204504577,"1e-05 to 1",0.0488465953123743,0.0433166336572136,174,"success","pgls5_castespolymorphic"
"OG0000005_00",-0.0538951721975241,0.0334437201662585,0.415896275025977,"1e-05 to 1",0.0477185369492405,0.0421820168152244,174,"success","pgls5_castespolymorphic"
"OG0000145_00",-0.0534120471726599,0.0302046028076859,1e-05,"1e-05 to 1",0.0484931249985254,0.0429611082834005,174,"success","pgls5_castespolymorphic"
"OG0000587_00",0.0535787324041766,0.011282223169593,0.853981472251742,"1e-05 to 1",0.0437539351943595,0.0381943650501405,174,"success","pgls5_castespolymorphic"
"OG0002096_00",0.077297303113359,0.00803884407371624,0.954908925257059,"1e-05 to 1",0.0552920205158248,0.0497995322630099,174,"success","pgls5_castespolymorphic"
"OG0006962_00",0.0524510954521462,0.0338210946114934,0.85649843394881,"1e-05 to 1",0.0283673037400608,0.0227182764362239,174,"success","pgls5_castespolymorphic"
"OG0008596_00",-0.0392882732963335,0.0425455012455251,0.780295123863117,"1e-05 to 1",0.0278743268253185,0.0222224333766284,174,"success","pgls5_castespolymorphic"
"OG0008892_00",-0.0553791446019536,0.0270289641268766,0.91671850407508,"1e-05 to 1",0.0337260912085441,0.028108219645803,174,"success","pgls5_castespolymorphic"
"OG0009135_00",0.0309957853443822,0.0251420505779287,0.983543361538793,"1e-05 to 1",0.035304312472138,0.029695616614418,174,"success","pgls5_castespolymorphic"
"OG0009229_00",0.0749345520172714,0.0164366607776558,0.924761138101593,"0.001 to 1",0.0689976487215116,0.0635848443536133,174,"success","pgls5_castespolymorphic"
"OG0009892_00",0.0870723255358029,0.00305178550820795,0.924081144452385,"1e-05 to 1",0.0798177246464437,0.0744678276967137,174,"success","pgls5_castespolymorphic"
"OG0009973_00",0.0841669611032158,0.00767861621391708,1e-05,"1e-05 to 1",0.0689324749145498,0.0635192916291692,174,"success","pgls5_castespolymorphic"
"OG0010127_00",-0.0538440692767579,0.0381730048220916,0.874580995009577,"1e-05 to 1",0.0449186836716677,0.0393658853209216,174,"success","pgls5_castespolymorphic"
"OG0010429_00",0.0694970896930936,0.0119657272184637,0.720344190634471,"1e-05 to 1",0.0728461795457463,0.0674557503570589,174,"success","pgls5_castespolymorphic"
"OG0000116_00",-0.0543584007694828,0.0317141042338884,0.844378676547478,"1e-05 to 1",0.0416317124817356,0.0360598038333737,174,"success","pgls5_castespolymorphic"
"OG0000293_00",-0.0620449417804722,0.0271419081968745,0.785891453379656,"1e-05 to 1",0.0561326744729646,0.0506450737431563,174,"success","pgls5_castespolymorphic"
"OG0000405_00",-0.0764311525622023,0.00878168012564262,0.859326072355408,"1e-05 to 1",0.06078176453276,0.0553211933963226,174,"success","pgls5_castespolymorphic"
"OG0000478_00",0.108311786254068,0.0125870883790211,0.966190606568936,"0.1 to 1",0.0694467067039219,0.0640365131382471,174,"success","pgls5_castespolymorphic"
"OG0000503_00",-0.0685786991913036,0.0484502215834262,0.766499979648834,"1e-05 to 1",0.0365792530391774,0.0309779696266144,174,"success","pgls5_castespolymorphic"
"OG0000866_00",-0.107204919213694,0.0314211138510574,1,"1e-05 to 1",0.0478102184333923,0.0422742313312608,174,"success","pgls5_castespolymorphic"
"OG0000911_00",-0.0556061470091102,0.0389991966998307,0.971007036637207,"1e-05 to 1",0.0497465673250662,0.0442218380653282,174,"success","pgls5_castespolymorphic"
"OG0001774_01",0.0510270599187136,0.029280932662139,0.51331436971787,"1e-05 to 1",0.0540494946894689,0.0485497824492913,174,"success","pgls5_castespolymorphic"
"OG0002968_00",-0.0516259259279528,0.0259294554111575,1e-05,"1e-05 to 1",0.0416864138850217,0.0361148232680742,174,"success","pgls5_castespolymorphic"
"OG0003434_00",-0.0769806620666937,0.0301000933242876,0.687583921598124,"1e-05 to 1",0.0529223179529859,0.0474160523596893,174,"success","pgls5_castespolymorphic"
"OG0004573_00",0.0600276614489329,0.0410061063050864,1,"1e-05 to 1",0.0466003820600913,0.0410573610255569,174,"success","pgls5_castespolymorphic"
"OG0004585_00",0.0688297213796862,0.00475948924351233,0.818670619449339,"1e-05 to 1",0.0910147993347425,0.0857300016564562,174,"success","pgls5_castespolymorphic"
"OG0008351_00",-0.0770303330891619,0.0351069353817728,0.822351954872364,"1e-05 to 1",0.0511852472150378,0.0456688823732647,174,"success","pgls5_castespolymorphic"
"OG0009954_00",-0.0618183192400483,0.021485188829699,0.393938808174427,"1e-05 to 1",0.0517469060446454,0.0462338066611839,174,"success","pgls5_castespolymorphic"
"OG0008573_00",0.050773894605113,0.0122264761560247,0.947266773751625,"1e-05 to 1",0.063618766579576,0.0581746896410852,174,"success","pgls5_castespolymorphic"
